order,context_indices,target_idx,context_size,target_feature,ground_truth,context_features,repeat,fold,delta
1,(),0,0,a1,informative,(),0,0,-0.0020847423946058208
1,(),0,0,a1,informative,(),0,1,-0.01263438166635067
1,(),0,0,a1,informative,(),0,2,-0.0008974271921545207
1,(),0,0,a1,informative,(),0,3,3.635287914671714e-05
1,(),0,0,a1,informative,(),0,4,0.003529240975425396
1,(),0,0,a1,informative,(),1,0,-0.0004560348337145914
1,(),0,0,a1,informative,(),1,1,-0.002625033863108639
1,(),0,0,a1,informative,(),1,2,-0.0007850926881590725
1,(),0,0,a1,informative,(),1,3,0.0008184230486368849
1,(),0,0,a1,informative,(),1,4,0.0032762561685700797
1,(),0,0,a1,informative,(),2,0,-0.007349960538674427
1,(),0,0,a1,informative,(),2,1,0.0022689978371897013
1,(),0,0,a1,informative,(),2,2,-0.0053599328410046665
1,(),0,0,a1,informative,(),2,3,-0.0010782254075570874
1,(),0,0,a1,informative,(),2,4,-0.0009042659827218635
1,(),0,0,a1,informative,(),3,0,-0.005540598148098985
1,(),0,0,a1,informative,(),3,1,-0.01121571139060451
1,(),0,0,a1,informative,(),3,2,-0.012286643819750587
1,(),0,0,a1,informative,(),3,3,-0.008449933658813802
1,(),0,0,a1,informative,(),3,4,-0.0011973033999690408
1,(),0,0,a1,informative,(),4,0,0.0027510524930033364
1,(),0,0,a1,informative,(),4,1,-2.4567644922979248e-05
1,(),0,0,a1,informative,(),4,2,-0.004101438017614756
1,(),0,0,a1,informative,(),4,3,0.001991233583251817
1,(),0,0,a1,informative,(),4,4,-0.0024366967458288036
1,(),1,0,a2,informative,(),0,0,-0.008565081076905678
1,(),1,0,a2,informative,(),0,1,0.005688307359107303
1,(),1,0,a2,informative,(),0,2,-0.00837504904355929
1,(),1,0,a2,informative,(),0,3,-0.007931989451637977
1,(),1,0,a2,informative,(),0,4,-0.0020371291785096224
1,(),1,0,a2,informative,(),1,0,0.006548096168615958
1,(),1,0,a2,informative,(),1,1,0.00015520646216049538
1,(),1,0,a2,informative,(),1,2,-7.419554590160082e-05
1,(),1,0,a2,informative,(),1,3,0.008195593022174541
1,(),1,0,a2,informative,(),1,4,0.0011314194057013838
1,(),1,0,a2,informative,(),2,0,-0.0024512550238854347
1,(),1,0,a2,informative,(),2,1,0.0034564392597633553
1,(),1,0,a2,informative,(),2,2,-0.0025438031200075706
1,(),1,0,a2,informative,(),2,3,-0.001495746135751097
1,(),1,0,a2,informative,(),2,4,0.004587930085667935
1,(),1,0,a2,informative,(),3,0,0.001422261331237129
1,(),1,0,a2,informative,(),3,1,-0.009223650279197804
1,(),1,0,a2,informative,(),3,2,0.004805902906285908
1,(),1,0,a2,informative,(),3,3,0.00973743473737132
1,(),1,0,a2,informative,(),3,4,0.004211909207272546
1,(),1,0,a2,informative,(),4,0,-0.0003918043073714017
1,(),1,0,a2,informative,(),4,1,0.002495088560432457
1,(),1,0,a2,informative,(),4,2,-0.0076991346463182175
1,(),1,0,a2,informative,(),4,3,0.012056401259634697
1,(),1,0,a2,informative,(),4,4,0.009773363552795455
1,(),2,0,a3,noise,(),0,0,-0.00398143175556398
1,(),2,0,a3,noise,(),0,1,0.0
1,(),2,0,a3,noise,(),0,2,0.003994138462097618
1,(),2,0,a3,noise,(),0,3,-0.0019014732119151945
1,(),2,0,a3,noise,(),0,4,-0.0013477955428577992
1,(),2,0,a3,noise,(),1,0,0.001440561146359376
1,(),2,0,a3,noise,(),1,1,-0.0040894829769277385
1,(),2,0,a3,noise,(),1,2,-0.0019201534067906922
1,(),2,0,a3,noise,(),1,3,0.0018097280249401715
1,(),2,0,a3,noise,(),1,4,-0.0012202206230752521
1,(),2,0,a3,noise,(),2,0,-0.004393079054064164
1,(),2,0,a3,noise,(),2,1,-0.0034520076677524436
1,(),2,0,a3,noise,(),2,2,-0.0009365945731332204
1,(),2,0,a3,noise,(),2,3,-0.0002983361434550913
1,(),2,0,a3,noise,(),2,4,-0.00023272899837067929
1,(),2,0,a3,noise,(),3,0,0.0012089056589915659
1,(),2,0,a3,noise,(),3,1,-0.003689388767124324
1,(),2,0,a3,noise,(),3,2,0.0008119543838245313
1,(),2,0,a3,noise,(),3,3,0.0003673490989104522
1,(),2,0,a3,noise,(),3,4,-0.005855296929391074
1,(),2,0,a3,noise,(),4,0,-0.0011999092582610782
1,(),2,0,a3,noise,(),4,1,-0.00175408113076303
1,(),2,0,a3,noise,(),4,2,-0.0031735544889961442
1,(),2,0,a3,noise,(),4,3,0.002236955639383975
1,(),2,0,a3,noise,(),4,4,0.0
1,(),3,0,a4,noise,(),0,0,0.00028381429941493064
1,(),3,0,a4,noise,(),0,1,-0.006531743294494241
1,(),3,0,a4,noise,(),0,2,-0.0013550579730019496
1,(),3,0,a4,noise,(),0,3,-0.00018972477825307532
1,(),3,0,a4,noise,(),0,4,-0.004988232014970229
1,(),3,0,a4,noise,(),1,0,0.0027302547227973095
1,(),3,0,a4,noise,(),1,1,0.0019432393735496767
1,(),3,0,a4,noise,(),1,2,0.0004762772064038634
1,(),3,0,a4,noise,(),1,3,0.004052408677723052
1,(),3,0,a4,noise,(),1,4,0.004535965295211275
1,(),3,0,a4,noise,(),2,0,-0.006027302319421002
1,(),3,0,a4,noise,(),2,1,-0.0025040303297290123
1,(),3,0,a4,noise,(),2,2,-0.003487289823281614
1,(),3,0,a4,noise,(),2,3,0.006143356428055968
1,(),3,0,a4,noise,(),2,4,0.0010092241116913536
1,(),3,0,a4,noise,(),3,0,0.0
1,(),3,0,a4,noise,(),3,1,-0.002961304176647972
1,(),3,0,a4,noise,(),3,2,-0.01045969331155533
1,(),3,0,a4,noise,(),3,3,-0.0006051817667567239
1,(),3,0,a4,noise,(),3,4,-7.252535724200371e-05
1,(),3,0,a4,noise,(),4,0,-0.005681195016064788
1,(),3,0,a4,noise,(),4,1,-0.0003892211903098186
1,(),3,0,a4,noise,(),4,2,-0.0036762949450135363
1,(),3,0,a4,noise,(),4,3,-0.0024370347562302497
1,(),3,0,a4,noise,(),4,4,-0.005846048443013452
1,(),4,0,a5,informative,(),0,0,0.0955116650393637
1,(),4,0,a5,informative,(),0,1,0.049698401776427925
1,(),4,0,a5,informative,(),0,2,0.07264726607343036
1,(),4,0,a5,informative,(),0,3,0.0935255514968103
1,(),4,0,a5,informative,(),0,4,0.10144054375691741
1,(),4,0,a5,informative,(),1,0,0.04024406784272205
1,(),4,0,a5,informative,(),1,1,0.10057802300614166
1,(),4,0,a5,informative,(),1,2,0.09313690664565089
1,(),4,0,a5,informative,(),1,3,0.13297121731600237
1,(),4,0,a5,informative,(),1,4,0.13439772428419888
1,(),4,0,a5,informative,(),2,0,0.09159179142373886
1,(),4,0,a5,informative,(),2,1,0.1112555571157543
1,(),4,0,a5,informative,(),2,2,0.08282062359860953
1,(),4,0,a5,informative,(),2,3,0.09446480023718967
1,(),4,0,a5,informative,(),2,4,0.10436350613075418
1,(),4,0,a5,informative,(),3,0,0.07812906298963906
1,(),4,0,a5,informative,(),3,1,0.07301259208314548
1,(),4,0,a5,informative,(),3,2,0.1364931229338487
1,(),4,0,a5,informative,(),3,3,0.07389143778462964
1,(),4,0,a5,informative,(),3,4,0.08078080991920611
1,(),4,0,a5,informative,(),4,0,0.11783100878255015
1,(),4,0,a5,informative,(),4,1,0.0589842484474265
1,(),4,0,a5,informative,(),4,2,0.09314301270657316
1,(),4,0,a5,informative,(),4,3,0.1278522056435229
1,(),4,0,a5,informative,(),4,4,0.08951025275946567
1,(),5,0,a6,noise,(),0,0,0.0027660354523271202
1,(),5,0,a6,noise,(),0,1,-0.0010363572764023887
1,(),5,0,a6,noise,(),0,2,-0.0019960364444955303
1,(),5,0,a6,noise,(),0,3,-0.002023821299242612
1,(),5,0,a6,noise,(),0,4,-0.00406187058682933
1,(),5,0,a6,noise,(),1,0,0.0034363951159173123
1,(),5,0,a6,noise,(),1,1,0.0013032186260715228
1,(),5,0,a6,noise,(),1,2,0.0
1,(),5,0,a6,noise,(),1,3,-0.00020203880904662297
1,(),5,0,a6,noise,(),1,4,-0.004101848120859564
1,(),5,0,a6,noise,(),2,0,-0.000226920437109146
1,(),5,0,a6,noise,(),2,1,0.0012708769544633736
1,(),5,0,a6,noise,(),2,2,0.00016095660482451368
1,(),5,0,a6,noise,(),2,3,-0.0018997279506238196
1,(),5,0,a6,noise,(),2,4,-0.0003219315827597269
1,(),5,0,a6,noise,(),3,0,0.0006203579341140797
1,(),5,0,a6,noise,(),3,1,-0.0026519435076658437
1,(),5,0,a6,noise,(),3,2,-0.0018912973756443074
1,(),5,0,a6,noise,(),3,3,-0.0006973364890693334
1,(),5,0,a6,noise,(),3,4,0.00046517412820323845
1,(),5,0,a6,noise,(),4,0,0.0004138505208283183
1,(),5,0,a6,noise,(),4,1,0.0
1,(),5,0,a6,noise,(),4,2,0.00018600790616418728
1,(),5,0,a6,noise,(),4,3,-0.0005926836803016311
1,(),5,0,a6,noise,(),4,4,-0.0038513671491212653
2,"(1,)",0,1,a1,informative,"('a2',)",0,0,0.17310073772610413
2,"(1,)",0,1,a1,informative,"('a2',)",0,1,0.19999930151703726
2,"(1,)",0,1,a1,informative,"('a2',)",0,2,0.1141777951215388
2,"(1,)",0,1,a1,informative,"('a2',)",0,3,0.12530362496748876
2,"(1,)",0,1,a1,informative,"('a2',)",0,4,0.11452137725289224
2,"(1,)",0,1,a1,informative,"('a2',)",1,0,0.14561082473297443
2,"(1,)",0,1,a1,informative,"('a2',)",1,1,0.14503004854225193
2,"(1,)",0,1,a1,informative,"('a2',)",1,2,0.12774601723982904
2,"(1,)",0,1,a1,informative,"('a2',)",1,3,0.14695906430417455
2,"(1,)",0,1,a1,informative,"('a2',)",1,4,0.15465335455460327
2,"(1,)",0,1,a1,informative,"('a2',)",2,0,0.13273620305215983
2,"(1,)",0,1,a1,informative,"('a2',)",2,1,0.14736188339068856
2,"(1,)",0,1,a1,informative,"('a2',)",2,2,0.12876802178788838
2,"(1,)",0,1,a1,informative,"('a2',)",2,3,0.06401612428883852
2,"(1,)",0,1,a1,informative,"('a2',)",2,4,0.13823156693307576
2,"(1,)",0,1,a1,informative,"('a2',)",3,0,0.17153066491343838
2,"(1,)",0,1,a1,informative,"('a2',)",3,1,0.1220934452510708
2,"(1,)",0,1,a1,informative,"('a2',)",3,2,0.12257054758932534
2,"(1,)",0,1,a1,informative,"('a2',)",3,3,0.1743688502368152
2,"(1,)",0,1,a1,informative,"('a2',)",3,4,0.11799797318632549
2,"(1,)",0,1,a1,informative,"('a2',)",4,0,0.12879437787791898
2,"(1,)",0,1,a1,informative,"('a2',)",4,1,0.06246256758331353
2,"(1,)",0,1,a1,informative,"('a2',)",4,2,0.18979662310804601
2,"(1,)",0,1,a1,informative,"('a2',)",4,3,0.1421146416914063
2,"(1,)",0,1,a1,informative,"('a2',)",4,4,0.1486435275617573
2,"(2,)",0,1,a1,informative,"('a3',)",0,0,-0.008981865085479934
2,"(2,)",0,1,a1,informative,"('a3',)",0,1,-0.012949236427275745
2,"(2,)",0,1,a1,informative,"('a3',)",0,2,-5.637278778125587e-05
2,"(2,)",0,1,a1,informative,"('a3',)",0,3,-0.002328657887094354
2,"(2,)",0,1,a1,informative,"('a3',)",0,4,0.012186062326819624
2,"(2,)",0,1,a1,informative,"('a3',)",1,0,0.0012308697653323764
2,"(2,)",0,1,a1,informative,"('a3',)",1,1,-0.003893876396713125
2,"(2,)",0,1,a1,informative,"('a3',)",1,2,0.0019179758583379725
2,"(2,)",0,1,a1,informative,"('a3',)",1,3,-0.00046683062233321415
2,"(2,)",0,1,a1,informative,"('a3',)",1,4,-0.0030171656652463463
2,"(2,)",0,1,a1,informative,"('a3',)",2,0,-0.0070383400154102604
2,"(2,)",0,1,a1,informative,"('a3',)",2,1,0.007236087207058262
2,"(2,)",0,1,a1,informative,"('a3',)",2,2,-0.0021589052725445868
2,"(2,)",0,1,a1,informative,"('a3',)",2,3,-0.0011187222360070637
2,"(2,)",0,1,a1,informative,"('a3',)",2,4,-0.0011843191565629185
2,"(2,)",0,1,a1,informative,"('a3',)",3,0,-0.005017790015175105
2,"(2,)",0,1,a1,informative,"('a3',)",3,1,-0.010772450561996494
2,"(2,)",0,1,a1,informative,"('a3',)",3,2,-0.007404494566325859
2,"(2,)",0,1,a1,informative,"('a3',)",3,3,-0.00798472507868464
2,"(2,)",0,1,a1,informative,"('a3',)",3,4,0.007811791262067769
2,"(2,)",0,1,a1,informative,"('a3',)",4,0,0.0067344711143991765
2,"(2,)",0,1,a1,informative,"('a3',)",4,1,-0.004801963876490567
2,"(2,)",0,1,a1,informative,"('a3',)",4,2,-0.011295089998634322
2,"(2,)",0,1,a1,informative,"('a3',)",4,3,0.012695384998538062
2,"(2,)",0,1,a1,informative,"('a3',)",4,4,-0.009420882554591059
2,"(3,)",0,1,a1,informative,"('a4',)",0,0,-0.0011650438497676774
2,"(3,)",0,1,a1,informative,"('a4',)",0,1,-0.030733040998118855
2,"(3,)",0,1,a1,informative,"('a4',)",0,2,-0.0010618735435279358
2,"(3,)",0,1,a1,informative,"('a4',)",0,3,-0.0012096005638251306
2,"(3,)",0,1,a1,informative,"('a4',)",0,4,-0.0012700069983676565
2,"(3,)",0,1,a1,informative,"('a4',)",1,0,-0.004336972866160194
2,"(3,)",0,1,a1,informative,"('a4',)",1,1,0.0008330680342597541
2,"(3,)",0,1,a1,informative,"('a4',)",1,2,-0.01538640669161584
2,"(3,)",0,1,a1,informative,"('a4',)",1,3,0.00035000180500643907
2,"(3,)",0,1,a1,informative,"('a4',)",1,4,-0.00299257113031004
2,"(3,)",0,1,a1,informative,"('a4',)",2,0,-0.012844242722140131
2,"(3,)",0,1,a1,informative,"('a4',)",2,1,0.0035042445517166065
2,"(3,)",0,1,a1,informative,"('a4',)",2,2,-0.00399194064879449
2,"(3,)",0,1,a1,informative,"('a4',)",2,3,-0.005096852557689546
2,"(3,)",0,1,a1,informative,"('a4',)",2,4,-0.0006640420442838302
2,"(3,)",0,1,a1,informative,"('a4',)",3,0,-0.02010729746272044
2,"(3,)",0,1,a1,informative,"('a4',)",3,1,-0.017137995702165065
2,"(3,)",0,1,a1,informative,"('a4',)",3,2,-0.013235627565164054
2,"(3,)",0,1,a1,informative,"('a4',)",3,3,-0.01002837262338463
2,"(3,)",0,1,a1,informative,"('a4',)",3,4,0.0023601938737042305
2,"(3,)",0,1,a1,informative,"('a4',)",4,0,-0.005384650258025592
2,"(3,)",0,1,a1,informative,"('a4',)",4,1,0.015175822054632304
2,"(3,)",0,1,a1,informative,"('a4',)",4,2,-0.012549671727288936
2,"(3,)",0,1,a1,informative,"('a4',)",4,3,-0.0007354133319114053
2,"(3,)",0,1,a1,informative,"('a4',)",4,4,-0.006234212202987477
2,"(4,)",0,1,a1,informative,"('a5',)",0,0,0.0022630394254432584
2,"(4,)",0,1,a1,informative,"('a5',)",0,1,-0.0018819036925559196
2,"(4,)",0,1,a1,informative,"('a5',)",0,2,-0.007605148994098143
2,"(4,)",0,1,a1,informative,"('a5',)",0,3,-0.008322625395829064
2,"(4,)",0,1,a1,informative,"('a5',)",0,4,0.007823590306272499
2,"(4,)",0,1,a1,informative,"('a5',)",1,0,0.0013448116151333345
2,"(4,)",0,1,a1,informative,"('a5',)",1,1,-0.0047288136153271765
2,"(4,)",0,1,a1,informative,"('a5',)",1,2,-0.00824910231504311
2,"(4,)",0,1,a1,informative,"('a5',)",1,3,0.004430811452288852
2,"(4,)",0,1,a1,informative,"('a5',)",1,4,0.004257672927223732
2,"(4,)",0,1,a1,informative,"('a5',)",2,0,-0.006304826192745805
2,"(4,)",0,1,a1,informative,"('a5',)",2,1,0.018774744382358655
2,"(4,)",0,1,a1,informative,"('a5',)",2,2,0.0039272991665162404
2,"(4,)",0,1,a1,informative,"('a5',)",2,3,-0.01671195920281532
2,"(4,)",0,1,a1,informative,"('a5',)",2,4,-0.004103916687012821
2,"(4,)",0,1,a1,informative,"('a5',)",3,0,0.004408100441373131
2,"(4,)",0,1,a1,informative,"('a5',)",3,1,-0.011915393952936115
2,"(4,)",0,1,a1,informative,"('a5',)",3,2,-0.003930925361437132
2,"(4,)",0,1,a1,informative,"('a5',)",3,3,0.007136461122470128
2,"(4,)",0,1,a1,informative,"('a5',)",3,4,0.018769781624953907
2,"(4,)",0,1,a1,informative,"('a5',)",4,0,0.009619708396435278
2,"(4,)",0,1,a1,informative,"('a5',)",4,1,-0.004496580538009609
2,"(4,)",0,1,a1,informative,"('a5',)",4,2,0.005775202850864913
2,"(4,)",0,1,a1,informative,"('a5',)",4,3,0.0012684921478282596
2,"(4,)",0,1,a1,informative,"('a5',)",4,4,-0.026700343551319672
2,"(5,)",0,1,a1,informative,"('a6',)",0,0,-0.006755305366048958
2,"(5,)",0,1,a1,informative,"('a6',)",0,1,-0.0162199890088211
2,"(5,)",0,1,a1,informative,"('a6',)",0,2,-0.002524945326277117
2,"(5,)",0,1,a1,informative,"('a6',)",0,3,-0.013667194165845442
2,"(5,)",0,1,a1,informative,"('a6',)",0,4,0.005446588399329211
2,"(5,)",0,1,a1,informative,"('a6',)",1,0,0.0027038848243550184
2,"(5,)",0,1,a1,informative,"('a6',)",1,1,-0.0008758338636222218
2,"(5,)",0,1,a1,informative,"('a6',)",1,2,0.000805752797435777
2,"(5,)",0,1,a1,informative,"('a6',)",1,3,0.006673411117448014
2,"(5,)",0,1,a1,informative,"('a6',)",1,4,0.016133942704300575
2,"(5,)",0,1,a1,informative,"('a6',)",2,0,-0.01689298346481788
2,"(5,)",0,1,a1,informative,"('a6',)",2,1,0.0021048933224044886
2,"(5,)",0,1,a1,informative,"('a6',)",2,2,-0.01219008771379948
2,"(5,)",0,1,a1,informative,"('a6',)",2,3,-0.000681015819490649
2,"(5,)",0,1,a1,informative,"('a6',)",2,4,-0.0030858090747094558
2,"(5,)",0,1,a1,informative,"('a6',)",3,0,-0.007850362306039638
2,"(5,)",0,1,a1,informative,"('a6',)",3,1,-0.007650115101905608
2,"(5,)",0,1,a1,informative,"('a6',)",3,2,-0.016923937387593513
2,"(5,)",0,1,a1,informative,"('a6',)",3,3,-0.009061487379045607
2,"(5,)",0,1,a1,informative,"('a6',)",3,4,-0.003880017313420192
2,"(5,)",0,1,a1,informative,"('a6',)",4,0,0.0032241679212104968
2,"(5,)",0,1,a1,informative,"('a6',)",4,1,0.009660054928643413
2,"(5,)",0,1,a1,informative,"('a6',)",4,2,-0.005512535659822737
2,"(5,)",0,1,a1,informative,"('a6',)",4,3,0.0014700386165581447
2,"(5,)",0,1,a1,informative,"('a6',)",4,4,-0.005648874063458709
2,"(0,)",1,1,a2,informative,"('a1',)",0,0,0.19255147855953858
2,"(0,)",1,1,a2,informative,"('a1',)",0,1,0.2027999720226853
2,"(0,)",1,1,a2,informative,"('a1',)",0,2,0.13453713667949901
2,"(0,)",1,1,a2,informative,"('a1',)",0,3,0.1355242195282655
2,"(0,)",1,1,a2,informative,"('a1',)",0,4,0.11006418853821476
2,"(0,)",1,1,a2,informative,"('a1',)",1,0,0.19540802128548018
2,"(0,)",1,1,a2,informative,"('a1',)",1,1,0.14380179591811032
2,"(0,)",1,1,a2,informative,"('a1',)",1,2,0.12095528482937645
2,"(0,)",1,1,a2,informative,"('a1',)",1,3,0.15679665108471036
2,"(0,)",1,1,a2,informative,"('a1',)",1,4,0.1625479030352981
2,"(0,)",1,1,a2,informative,"('a1',)",2,0,0.18080177942963066
2,"(0,)",1,1,a2,informative,"('a1',)",2,1,0.17048577697113437
2,"(0,)",1,1,a2,informative,"('a1',)",2,2,0.16290426092904509
2,"(0,)",1,1,a2,informative,"('a1',)",2,3,0.1267478118836064
2,"(0,)",1,1,a2,informative,"('a1',)",2,4,0.15361026442221298
2,"(0,)",1,1,a2,informative,"('a1',)",3,0,0.13537132139435182
2,"(0,)",1,1,a2,informative,"('a1',)",3,1,0.11745880249624646
2,"(0,)",1,1,a2,informative,"('a1',)",3,2,0.16354113932322112
2,"(0,)",1,1,a2,informative,"('a1',)",3,3,0.20018852224526218
2,"(0,)",1,1,a2,informative,"('a1',)",3,4,0.15626167834293653
2,"(0,)",1,1,a2,informative,"('a1',)",4,0,0.13331854527517967
2,"(0,)",1,1,a2,informative,"('a1',)",4,1,0.10170667595633331
2,"(0,)",1,1,a2,informative,"('a1',)",4,2,0.13487818296883414
2,"(0,)",1,1,a2,informative,"('a1',)",4,3,0.1710008015763239
2,"(0,)",1,1,a2,informative,"('a1',)",4,4,0.1540913594561652
2,"(2,)",1,1,a2,informative,"('a3',)",0,0,-0.008182193037648888
2,"(2,)",1,1,a2,informative,"('a3',)",0,1,0.009701310165616484
2,"(2,)",1,1,a2,informative,"('a3',)",0,2,-0.01584030680857279
2,"(2,)",1,1,a2,informative,"('a3',)",0,3,0.0006282892200361045
2,"(2,)",1,1,a2,informative,"('a3',)",0,4,-0.0006670299572815175
2,"(2,)",1,1,a2,informative,"('a3',)",1,0,-0.005362615493531342
2,"(2,)",1,1,a2,informative,"('a3',)",1,1,-0.003992331311852171
2,"(2,)",1,1,a2,informative,"('a3',)",1,2,0.003570549042360982
2,"(2,)",1,1,a2,informative,"('a3',)",1,3,0.009247459179983819
2,"(2,)",1,1,a2,informative,"('a3',)",1,4,-0.0010355869185934008
2,"(2,)",1,1,a2,informative,"('a3',)",2,0,-0.007112114455382179
2,"(2,)",1,1,a2,informative,"('a3',)",2,1,0.001680656088715371
2,"(2,)",1,1,a2,informative,"('a3',)",2,2,-0.002546233030900069
2,"(2,)",1,1,a2,informative,"('a3',)",2,3,-0.0007301625983529014
2,"(2,)",1,1,a2,informative,"('a3',)",2,4,0.003870160836310088
2,"(2,)",1,1,a2,informative,"('a3',)",3,0,0.0005353734781082808
2,"(2,)",1,1,a2,informative,"('a3',)",3,1,-0.006661704403094881
2,"(2,)",1,1,a2,informative,"('a3',)",3,2,-0.004710656525536261
2,"(2,)",1,1,a2,informative,"('a3',)",3,3,0.00627019394692796
2,"(2,)",1,1,a2,informative,"('a3',)",3,4,-0.0036759825018495285
2,"(2,)",1,1,a2,informative,"('a3',)",4,0,-0.0063316873209942615
2,"(2,)",1,1,a2,informative,"('a3',)",4,1,0.00024336037582550762
2,"(2,)",1,1,a2,informative,"('a3',)",4,2,-0.009145637003438956
2,"(2,)",1,1,a2,informative,"('a3',)",4,3,0.012258230567191553
2,"(2,)",1,1,a2,informative,"('a3',)",4,4,0.009175878349050315
2,"(3,)",1,1,a2,informative,"('a4',)",0,0,-0.01502439046499049
2,"(3,)",1,1,a2,informative,"('a4',)",0,1,0.004734317070252403
2,"(3,)",1,1,a2,informative,"('a4',)",0,2,-0.007187231550050299
2,"(3,)",1,1,a2,informative,"('a4',)",0,3,-0.0075477213553555855
2,"(3,)",1,1,a2,informative,"('a4',)",0,4,-0.0013354950079722538
2,"(3,)",1,1,a2,informative,"('a4',)",1,0,-0.018637664424605016
2,"(3,)",1,1,a2,informative,"('a4',)",1,1,-0.0001084947313281237
2,"(3,)",1,1,a2,informative,"('a4',)",1,2,0.0018682636610153347
2,"(3,)",1,1,a2,informative,"('a4',)",1,3,0.0036386588346168924
2,"(3,)",1,1,a2,informative,"('a4',)",1,4,-0.001082311232844635
2,"(3,)",1,1,a2,informative,"('a4',)",2,0,0.00520463316498232
2,"(3,)",1,1,a2,informative,"('a4',)",2,1,-0.02120703941305957
2,"(3,)",1,1,a2,informative,"('a4',)",2,2,-0.005929594812573935
2,"(3,)",1,1,a2,informative,"('a4',)",2,3,-0.0011921673847460346
2,"(3,)",1,1,a2,informative,"('a4',)",2,4,0.001154185178386724
2,"(3,)",1,1,a2,informative,"('a4',)",3,0,0.0026626814634729268
2,"(3,)",1,1,a2,informative,"('a4',)",3,1,-0.005168513779599149
2,"(3,)",1,1,a2,informative,"('a4',)",3,2,-0.0020765350053136844
2,"(3,)",1,1,a2,informative,"('a4',)",3,3,0.00533267480296995
2,"(3,)",1,1,a2,informative,"('a4',)",3,4,0.00613997287298218
2,"(3,)",1,1,a2,informative,"('a4',)",4,0,-0.018984470676245646
2,"(3,)",1,1,a2,informative,"('a4',)",4,1,0.007086867462908764
2,"(3,)",1,1,a2,informative,"('a4',)",4,2,-0.013674748257382352
2,"(3,)",1,1,a2,informative,"('a4',)",4,3,0.013244754936099667
2,"(3,)",1,1,a2,informative,"('a4',)",4,4,0.005468395285696093
2,"(4,)",1,1,a2,informative,"('a5',)",0,0,-0.007940071828667683
2,"(4,)",1,1,a2,informative,"('a5',)",0,1,0.004050531857656414
2,"(4,)",1,1,a2,informative,"('a5',)",0,2,0.00247143661588356
2,"(4,)",1,1,a2,informative,"('a5',)",0,3,-0.0006406419077056857
2,"(4,)",1,1,a2,informative,"('a5',)",0,4,-0.0016860677149734271
2,"(4,)",1,1,a2,informative,"('a5',)",1,0,0.004543844741669023
2,"(4,)",1,1,a2,informative,"('a5',)",1,1,-0.0020848048992901935
2,"(4,)",1,1,a2,informative,"('a5',)",1,2,-0.01066392168908209
2,"(4,)",1,1,a2,informative,"('a5',)",1,3,0.010387008841474255
2,"(4,)",1,1,a2,informative,"('a5',)",1,4,-0.001519924917901927
2,"(4,)",1,1,a2,informative,"('a5',)",2,0,-0.008955148506817778
2,"(4,)",1,1,a2,informative,"('a5',)",2,1,0.002357686317891572
2,"(4,)",1,1,a2,informative,"('a5',)",2,2,-0.000839925058735258
2,"(4,)",1,1,a2,informative,"('a5',)",2,3,0.0023084858507900208
2,"(4,)",1,1,a2,informative,"('a5',)",2,4,-0.000932725739122231
2,"(4,)",1,1,a2,informative,"('a5',)",3,0,0.00017340981542063316
2,"(4,)",1,1,a2,informative,"('a5',)",3,1,-0.008502090151773667
2,"(4,)",1,1,a2,informative,"('a5',)",3,2,-0.0007626971348305145
2,"(4,)",1,1,a2,informative,"('a5',)",3,3,0.007269721428147913
2,"(4,)",1,1,a2,informative,"('a5',)",3,4,0.00027877895844130585
2,"(4,)",1,1,a2,informative,"('a5',)",4,0,-0.0110905219335381
2,"(4,)",1,1,a2,informative,"('a5',)",4,1,0.016292597620712113
2,"(4,)",1,1,a2,informative,"('a5',)",4,2,0.0039048459394867008
2,"(4,)",1,1,a2,informative,"('a5',)",4,3,-0.00768472099074613
2,"(4,)",1,1,a2,informative,"('a5',)",4,4,0.010759829808327681
2,"(5,)",1,1,a2,informative,"('a6',)",0,0,-0.008556995174859638
2,"(5,)",1,1,a2,informative,"('a6',)",0,1,0.00619592670760416
2,"(5,)",1,1,a2,informative,"('a6',)",0,2,-0.012544619186551864
2,"(5,)",1,1,a2,informative,"('a6',)",0,3,-0.009238137672558322
2,"(5,)",1,1,a2,informative,"('a6',)",0,4,-0.0055269685071765995
2,"(5,)",1,1,a2,informative,"('a6',)",1,0,0.003692420606689728
2,"(5,)",1,1,a2,informative,"('a6',)",1,1,-0.0005453026139186079
2,"(5,)",1,1,a2,informative,"('a6',)",1,2,0.007238694466621509
2,"(5,)",1,1,a2,informative,"('a6',)",1,3,0.0036719861029310685
2,"(5,)",1,1,a2,informative,"('a6',)",1,4,0.0007903914033307036
2,"(5,)",1,1,a2,informative,"('a6',)",2,0,-0.0028158533555359133
2,"(5,)",1,1,a2,informative,"('a6',)",2,1,0.0013667133201569204
2,"(5,)",1,1,a2,informative,"('a6',)",2,2,0.013402053729848595
2,"(5,)",1,1,a2,informative,"('a6',)",2,3,-0.006220152294265535
2,"(5,)",1,1,a2,informative,"('a6',)",2,4,-0.0018125321148527718
2,"(5,)",1,1,a2,informative,"('a6',)",3,0,0.0016087040054448831
2,"(5,)",1,1,a2,informative,"('a6',)",3,1,-0.008762647697588943
2,"(5,)",1,1,a2,informative,"('a6',)",3,2,0.006641064714998257
2,"(5,)",1,1,a2,informative,"('a6',)",3,3,0.014967593730046969
2,"(5,)",1,1,a2,informative,"('a6',)",3,4,0.0010290048460821488
2,"(5,)",1,1,a2,informative,"('a6',)",4,0,-0.0004515845431194432
2,"(5,)",1,1,a2,informative,"('a6',)",4,1,0.00331258486994801
2,"(5,)",1,1,a2,informative,"('a6',)",4,2,-0.008989773960105085
2,"(5,)",1,1,a2,informative,"('a6',)",4,3,0.007674653402343745
2,"(5,)",1,1,a2,informative,"('a6',)",4,4,0.009439413776065608
2,"(0,)",2,1,a3,noise,"('a1',)",0,0,-0.0047685443020930585
2,"(0,)",2,1,a3,noise,"('a1',)",0,1,0.0011153300057856752
2,"(0,)",2,1,a3,noise,"('a1',)",0,2,-0.008462954476904594
2,"(0,)",2,1,a3,noise,"('a1',)",0,3,-0.001680263524160397
2,"(0,)",2,1,a3,noise,"('a1',)",0,4,-0.009846307035431545
2,"(0,)",2,1,a3,noise,"('a1',)",1,0,-0.0037999819603783402
2,"(0,)",2,1,a3,noise,"('a1',)",1,1,-0.00406295368077958
2,"(0,)",2,1,a3,noise,"('a1',)",1,2,-0.002939956740726668
2,"(0,)",2,1,a3,noise,"('a1',)",1,3,-0.004114166602716796
2,"(0,)",2,1,a3,noise,"('a1',)",1,4,0.0011119946727899954
2,"(0,)",2,1,a3,noise,"('a1',)",2,0,-0.002942968355756248
2,"(0,)",2,1,a3,noise,"('a1',)",2,1,-0.009859458509781205
2,"(0,)",2,1,a3,noise,"('a1',)",2,2,-0.001333975860058012
2,"(0,)",2,1,a3,noise,"('a1',)",2,3,-0.002289606896119345
2,"(0,)",2,1,a3,noise,"('a1',)",2,4,0.00782504690803687
2,"(0,)",2,1,a3,noise,"('a1',)",3,0,-0.0013775578038359715
2,"(0,)",2,1,a3,noise,"('a1',)",3,1,-0.005225590135834679
2,"(0,)",2,1,a3,noise,"('a1',)",3,2,0.0011864437967608055
2,"(0,)",2,1,a3,noise,"('a1',)",3,3,0.0030726156541155403
2,"(0,)",2,1,a3,noise,"('a1',)",3,4,-0.0057099310940028625
2,"(0,)",2,1,a3,noise,"('a1',)",4,0,0.0007934711355600532
2,"(0,)",2,1,a3,noise,"('a1',)",4,1,-0.021322639459138426
2,"(0,)",2,1,a3,noise,"('a1',)",4,2,-0.0013376121726739187
2,"(0,)",2,1,a3,noise,"('a1',)",4,3,0.002181971433693586
2,"(0,)",2,1,a3,noise,"('a1',)",4,4,-0.005012301626277416
2,"(1,)",2,1,a3,noise,"('a2',)",0,0,-0.0032592712373796795
2,"(1,)",2,1,a3,noise,"('a2',)",0,1,0.0016545354503315624
2,"(1,)",2,1,a3,noise,"('a2',)",0,2,-0.002672696813487363
2,"(1,)",2,1,a3,noise,"('a2',)",0,3,-0.003954419420560296
2,"(1,)",2,1,a3,noise,"('a2',)",0,4,-0.002926628330656822
2,"(1,)",2,1,a3,noise,"('a2',)",1,0,-0.002672676017179687
2,"(1,)",2,1,a3,noise,"('a2',)",1,1,-0.017144412083612615
2,"(1,)",2,1,a3,noise,"('a2',)",1,2,-0.0006818158433375965
2,"(1,)",2,1,a3,noise,"('a2',)",1,3,0.0015472410399847147
2,"(1,)",2,1,a3,noise,"('a2',)",1,4,-0.00010096694248551419
2,"(1,)",2,1,a3,noise,"('a2',)",2,0,-0.008794723491544643
2,"(1,)",2,1,a3,noise,"('a2',)",2,1,-0.0039132074752743495
2,"(1,)",2,1,a3,noise,"('a2',)",2,2,0.0005437080315203735
2,"(1,)",2,1,a3,noise,"('a2',)",2,3,0.0005088188424878792
2,"(1,)",2,1,a3,noise,"('a2',)",2,4,-0.002459276548798961
2,"(1,)",2,1,a3,noise,"('a2',)",3,0,-0.0025294942663359743
2,"(1,)",2,1,a3,noise,"('a2',)",3,1,-0.0027201515871023707
2,"(1,)",2,1,a3,noise,"('a2',)",3,2,0.0036425959992048007
2,"(1,)",2,1,a3,noise,"('a2',)",3,3,-0.0031295907696478054
2,"(1,)",2,1,a3,noise,"('a2',)",3,4,-0.012001885942849344
2,"(1,)",2,1,a3,noise,"('a2',)",4,0,0.004808406674804422
2,"(1,)",2,1,a3,noise,"('a2',)",4,1,-0.001435297331804919
2,"(1,)",2,1,a3,noise,"('a2',)",4,2,-0.0065461192401981005
2,"(1,)",2,1,a3,noise,"('a2',)",4,3,0.0022505322262271754
2,"(1,)",2,1,a3,noise,"('a2',)",4,4,0.0023197154288067123
2,"(3,)",2,1,a3,noise,"('a4',)",0,0,-0.0050167702170261785
2,"(3,)",2,1,a3,noise,"('a4',)",0,1,-0.009048806880231686
2,"(3,)",2,1,a3,noise,"('a4',)",0,2,0.0033842958659545674
2,"(3,)",2,1,a3,noise,"('a4',)",0,3,-0.002964898448890363
2,"(3,)",2,1,a3,noise,"('a4',)",0,4,-0.0016505427647692805
2,"(3,)",2,1,a3,noise,"('a4',)",1,0,0.0021952821248113485
2,"(3,)",2,1,a3,noise,"('a4',)",1,1,-0.0018952002990574313
2,"(3,)",2,1,a3,noise,"('a4',)",1,2,-0.006223630988222095
2,"(3,)",2,1,a3,noise,"('a4',)",1,3,0.00034349174511216773
2,"(3,)",2,1,a3,noise,"('a4',)",1,4,0.0005587083589823072
2,"(3,)",2,1,a3,noise,"('a4',)",2,0,-0.007204713567631749
2,"(3,)",2,1,a3,noise,"('a4',)",2,1,0.0011574728631726927
2,"(3,)",2,1,a3,noise,"('a4',)",2,2,-0.00280722639779285
2,"(3,)",2,1,a3,noise,"('a4',)",2,3,-0.0034576491716207247
2,"(3,)",2,1,a3,noise,"('a4',)",2,4,-0.002050333572807206
2,"(3,)",2,1,a3,noise,"('a4',)",3,0,0.006011260207919755
2,"(3,)",2,1,a3,noise,"('a4',)",3,1,0.0007944034319969928
2,"(3,)",2,1,a3,noise,"('a4',)",3,2,0.003250105497947353
2,"(3,)",2,1,a3,noise,"('a4',)",3,3,0.0035410775345832146
2,"(3,)",2,1,a3,noise,"('a4',)",3,4,-0.005158983475030521
2,"(3,)",2,1,a3,noise,"('a4',)",4,0,0.0031888798771858573
2,"(3,)",2,1,a3,noise,"('a4',)",4,1,0.004184240528026573
2,"(3,)",2,1,a3,noise,"('a4',)",4,2,-0.0052240589590326625
2,"(3,)",2,1,a3,noise,"('a4',)",4,3,-0.0006637513920122462
2,"(3,)",2,1,a3,noise,"('a4',)",4,4,0.005450132400470653
2,"(4,)",2,1,a3,noise,"('a5',)",0,0,-0.008093171015392697
2,"(4,)",2,1,a3,noise,"('a5',)",0,1,-0.014312552252529087
2,"(4,)",2,1,a3,noise,"('a5',)",0,2,0.002317975043636067
2,"(4,)",2,1,a3,noise,"('a5',)",0,3,-0.0028624067515857776
2,"(4,)",2,1,a3,noise,"('a5',)",0,4,0.0002320759712255982
2,"(4,)",2,1,a3,noise,"('a5',)",1,0,0.00039251403010848174
2,"(4,)",2,1,a3,noise,"('a5',)",1,1,-0.009586521294184469
2,"(4,)",2,1,a3,noise,"('a5',)",1,2,-0.0006899072322628652
2,"(4,)",2,1,a3,noise,"('a5',)",1,3,0.005028513536181944
2,"(4,)",2,1,a3,noise,"('a5',)",1,4,-0.01019024312940403
2,"(4,)",2,1,a3,noise,"('a5',)",2,0,-0.006172899918238606
2,"(4,)",2,1,a3,noise,"('a5',)",2,1,-0.01126512030514043
2,"(4,)",2,1,a3,noise,"('a5',)",2,2,-0.002740803156585425
2,"(4,)",2,1,a3,noise,"('a5',)",2,3,0.0013538595441792145
2,"(4,)",2,1,a3,noise,"('a5',)",2,4,0.0032980177754698414
2,"(4,)",2,1,a3,noise,"('a5',)",3,0,0.006006939861282146
2,"(4,)",2,1,a3,noise,"('a5',)",3,1,-0.008234453068825531
2,"(4,)",2,1,a3,noise,"('a5',)",3,2,0.0021475957534873302
2,"(4,)",2,1,a3,noise,"('a5',)",3,3,-0.0025157353277350802
2,"(4,)",2,1,a3,noise,"('a5',)",3,4,0.0019533590046365568
2,"(4,)",2,1,a3,noise,"('a5',)",4,0,0.0023624561167018276
2,"(4,)",2,1,a3,noise,"('a5',)",4,1,-0.0016374369576338532
2,"(4,)",2,1,a3,noise,"('a5',)",4,2,-0.0036431331428373737
2,"(4,)",2,1,a3,noise,"('a5',)",4,3,0.0005806030335229195
2,"(4,)",2,1,a3,noise,"('a5',)",4,4,-0.000735760823561471
2,"(5,)",2,1,a3,noise,"('a6',)",0,0,-0.00562108973528741
2,"(5,)",2,1,a3,noise,"('a6',)",0,1,-1.4460799608873032e-06
2,"(5,)",2,1,a3,noise,"('a6',)",0,2,-0.0019546516782170675
2,"(5,)",2,1,a3,noise,"('a6',)",0,3,-0.005233030902230207
2,"(5,)",2,1,a3,noise,"('a6',)",0,4,-0.001097153154366759
2,"(5,)",2,1,a3,noise,"('a6',)",1,0,0.005005055680759152
2,"(5,)",2,1,a3,noise,"('a6',)",1,1,-0.004207081410231572
2,"(5,)",2,1,a3,noise,"('a6',)",1,2,-0.005833221886464013
2,"(5,)",2,1,a3,noise,"('a6',)",1,3,0.0015249425764994884
2,"(5,)",2,1,a3,noise,"('a6',)",1,4,0.006751960543307733
2,"(5,)",2,1,a3,noise,"('a6',)",2,0,-0.003152983460998793
2,"(5,)",2,1,a3,noise,"('a6',)",2,1,-0.006709374374553767
2,"(5,)",2,1,a3,noise,"('a6',)",2,2,0.0002808839808192687
2,"(5,)",2,1,a3,noise,"('a6',)",2,3,-0.0003171887651556293
2,"(5,)",2,1,a3,noise,"('a6',)",2,4,-0.0003154074013351771
2,"(5,)",2,1,a3,noise,"('a6',)",3,0,-0.0027176991006268025
2,"(5,)",2,1,a3,noise,"('a6',)",3,1,-0.00800839839892753
2,"(5,)",2,1,a3,noise,"('a6',)",3,2,0.0006418628781795777
2,"(5,)",2,1,a3,noise,"('a6',)",3,3,-0.0035062384942704528
2,"(5,)",2,1,a3,noise,"('a6',)",3,4,-0.009988846766096904
2,"(5,)",2,1,a3,noise,"('a6',)",4,0,-0.00013908517530136777
2,"(5,)",2,1,a3,noise,"('a6',)",4,1,-0.0016935176758945403
2,"(5,)",2,1,a3,noise,"('a6',)",4,2,-0.0059131930308571334
2,"(5,)",2,1,a3,noise,"('a6',)",4,3,0.0026563634393027558
2,"(5,)",2,1,a3,noise,"('a6',)",4,4,-0.0002917279977563414
2,"(0,)",3,1,a4,noise,"('a1',)",0,0,-0.008165193529022563
2,"(0,)",3,1,a4,noise,"('a1',)",0,1,-0.01469746465282773
2,"(0,)",3,1,a4,noise,"('a1',)",0,2,-0.009455530238158705
2,"(0,)",3,1,a4,noise,"('a1',)",0,3,0.0009398390809122192
2,"(0,)",3,1,a4,noise,"('a1',)",0,4,-0.001086010240729296
2,"(0,)",3,1,a4,noise,"('a1',)",1,0,0.010300495136067567
2,"(0,)",3,1,a4,noise,"('a1',)",1,1,-0.0002176551332097043
2,"(0,)",3,1,a4,noise,"('a1',)",1,2,-0.003660517889316872
2,"(0,)",3,1,a4,noise,"('a1',)",1,3,0.0034038639220614897
2,"(0,)",3,1,a4,noise,"('a1',)",1,4,-0.012157455326181954
2,"(0,)",3,1,a4,noise,"('a1',)",2,0,-0.004037543753866224
2,"(0,)",3,1,a4,noise,"('a1',)",2,1,-0.0022442852714694705
2,"(0,)",3,1,a4,noise,"('a1',)",2,2,-0.006046342114434999
2,"(0,)",3,1,a4,noise,"('a1',)",2,3,0.009788463705737604
2,"(0,)",3,1,a4,noise,"('a1',)",2,4,0.004142035414274048
2,"(0,)",3,1,a4,noise,"('a1',)",3,0,-0.002400997189769938
2,"(0,)",3,1,a4,noise,"('a1',)",3,1,-0.004550679943121638
2,"(0,)",3,1,a4,noise,"('a1',)",3,2,-0.007109924964929126
2,"(0,)",3,1,a4,noise,"('a1',)",3,3,0.0024736130927630606
2,"(0,)",3,1,a4,noise,"('a1',)",3,4,-0.002238153661973774
2,"(0,)",3,1,a4,noise,"('a1',)",4,0,-0.006971371312475272
2,"(0,)",3,1,a4,noise,"('a1',)",4,1,0.006117955846407508
2,"(0,)",3,1,a4,noise,"('a1',)",4,2,-0.014194395200667675
2,"(0,)",3,1,a4,noise,"('a1',)",4,3,0.002832343935351811
2,"(0,)",3,1,a4,noise,"('a1',)",4,4,-0.010239294549784006
2,"(1,)",3,1,a4,noise,"('a2',)",0,0,0.005759310002463991
2,"(1,)",3,1,a4,noise,"('a2',)",0,1,-0.008590708713044348
2,"(1,)",3,1,a4,noise,"('a2',)",0,2,-0.001992478788113372
2,"(1,)",3,1,a4,noise,"('a2',)",0,3,-0.0003248145637135824
2,"(1,)",3,1,a4,noise,"('a2',)",0,4,8.56810032455746e-05
2,"(1,)",3,1,a4,noise,"('a2',)",1,0,-0.011611924968167875
2,"(1,)",3,1,a4,noise,"('a2',)",1,1,0.0008163591054634045
2,"(1,)",3,1,a4,noise,"('a2',)",1,2,0.00405054247622727
2,"(1,)",3,1,a4,noise,"('a2',)",1,3,-0.01477129838534258
2,"(1,)",3,1,a4,noise,"('a2',)",1,4,0.005847514574700341
2,"(1,)",3,1,a4,noise,"('a2',)",2,0,-0.0061817571858825415
2,"(1,)",3,1,a4,noise,"('a2',)",2,1,-0.014624305524646553
2,"(1,)",3,1,a4,noise,"('a2',)",2,2,0.002800451177978558
2,"(1,)",3,1,a4,noise,"('a2',)",2,3,-0.002523915037892177
2,"(1,)",3,1,a4,noise,"('a2',)",2,4,-0.0010078944020385228
2,"(1,)",3,1,a4,noise,"('a2',)",3,0,0.017023376640508125
2,"(1,)",3,1,a4,noise,"('a2',)",3,1,-0.005444720644902756
2,"(1,)",3,1,a4,noise,"('a2',)",3,2,-0.007966637789383557
2,"(1,)",3,1,a4,noise,"('a2',)",3,3,-0.0010284512488085706
2,"(1,)",3,1,a4,noise,"('a2',)",3,4,-0.008209663325605188
2,"(1,)",3,1,a4,noise,"('a2',)",4,0,-0.016823366192943
2,"(1,)",3,1,a4,noise,"('a2',)",4,1,-0.011190765408897185
2,"(1,)",3,1,a4,noise,"('a2',)",4,2,-0.005605151416690934
2,"(1,)",3,1,a4,noise,"('a2',)",4,3,-0.003965481471085552
2,"(1,)",3,1,a4,noise,"('a2',)",4,4,-0.01849896501877224
2,"(2,)",3,1,a4,noise,"('a3',)",0,0,-0.0005869401352845971
2,"(2,)",3,1,a4,noise,"('a3',)",0,1,-0.017236003840366276
2,"(2,)",3,1,a4,noise,"('a3',)",0,2,0.0007047383785216965
2,"(2,)",3,1,a4,noise,"('a3',)",0,3,-0.0013971450189245171
2,"(2,)",3,1,a4,noise,"('a3',)",0,4,-0.0060676006946576155
2,"(2,)",3,1,a4,noise,"('a3',)",1,0,0.002780724367369092
2,"(2,)",3,1,a4,noise,"('a3',)",1,1,-0.004325282149529874
2,"(2,)",3,1,a4,noise,"('a3',)",1,2,-0.0004772534164495523
2,"(2,)",3,1,a4,noise,"('a3',)",1,3,0.0009665190219547704
2,"(2,)",3,1,a4,noise,"('a3',)",1,4,0.005020298145112623
2,"(2,)",3,1,a4,noise,"('a3',)",2,0,-0.007315981977636055
2,"(2,)",3,1,a4,noise,"('a3',)",2,1,-0.002646436996668222
2,"(2,)",3,1,a4,noise,"('a3',)",2,2,-0.013249163880744375
2,"(2,)",3,1,a4,noise,"('a3',)",2,3,0.001059247347671377
2,"(2,)",3,1,a4,noise,"('a3',)",2,4,0.004459549687861886
2,"(2,)",3,1,a4,noise,"('a3',)",3,0,0.0010882588715819264
2,"(2,)",3,1,a4,noise,"('a3',)",3,1,-0.00033696540226835214
2,"(2,)",3,1,a4,noise,"('a3',)",3,2,-0.009666005099700392
2,"(2,)",3,1,a4,noise,"('a3',)",3,3,0.0069045042914910315
2,"(2,)",3,1,a4,noise,"('a3',)",3,4,-0.007082973342453669
2,"(2,)",3,1,a4,noise,"('a3',)",4,0,-0.0021743005036466423
2,"(2,)",3,1,a4,noise,"('a3',)",4,1,-0.002132133362525157
2,"(2,)",3,1,a4,noise,"('a3',)",4,2,-0.0003685675337361527
2,"(2,)",3,1,a4,noise,"('a3',)",4,3,-0.0006666141197603226
2,"(2,)",3,1,a4,noise,"('a3',)",4,4,-0.00597420064221954
2,"(4,)",3,1,a4,noise,"('a5',)",0,0,-0.0027928460628968144
2,"(4,)",3,1,a4,noise,"('a5',)",0,1,-0.017607689899165224
2,"(4,)",3,1,a4,noise,"('a5',)",0,2,-0.005545783178082131
2,"(4,)",3,1,a4,noise,"('a5',)",0,3,-0.007885246226250864
2,"(4,)",3,1,a4,noise,"('a5',)",0,4,-0.005475546726841363
2,"(4,)",3,1,a4,noise,"('a5',)",1,0,-0.012718523334980636
2,"(4,)",3,1,a4,noise,"('a5',)",1,1,-0.0031491995889512125
2,"(4,)",3,1,a4,noise,"('a5',)",1,2,-0.004043102885029792
2,"(4,)",3,1,a4,noise,"('a5',)",1,3,0.006061460667599217
2,"(4,)",3,1,a4,noise,"('a5',)",1,4,-0.03665372975269776
2,"(4,)",3,1,a4,noise,"('a5',)",2,0,-0.013237956910221949
2,"(4,)",3,1,a4,noise,"('a5',)",2,1,-0.0009280078222000387
2,"(4,)",3,1,a4,noise,"('a5',)",2,2,-0.003154740644108478
2,"(4,)",3,1,a4,noise,"('a5',)",2,3,-0.015727670452231335
2,"(4,)",3,1,a4,noise,"('a5',)",2,4,-0.007606977112792901
2,"(4,)",3,1,a4,noise,"('a5',)",3,0,-0.00901732598809013
2,"(4,)",3,1,a4,noise,"('a5',)",3,1,-0.012771783187108199
2,"(4,)",3,1,a4,noise,"('a5',)",3,2,-0.01729401232675598
2,"(4,)",3,1,a4,noise,"('a5',)",3,3,-0.0011155742007542546
2,"(4,)",3,1,a4,noise,"('a5',)",3,4,-0.002575443138404687
2,"(4,)",3,1,a4,noise,"('a5',)",4,0,-0.004279358685165158
2,"(4,)",3,1,a4,noise,"('a5',)",4,1,-0.005209187076494537
2,"(4,)",3,1,a4,noise,"('a5',)",4,2,0.003912181727341646
2,"(4,)",3,1,a4,noise,"('a5',)",4,3,-0.008981569319109206
2,"(4,)",3,1,a4,noise,"('a5',)",4,4,-0.009576809914149775
2,"(5,)",3,1,a4,noise,"('a6',)",0,0,0.006643204748534748
2,"(5,)",3,1,a4,noise,"('a6',)",0,1,-0.002176692936091462
2,"(5,)",3,1,a4,noise,"('a6',)",0,2,0.00012204858154107878
2,"(5,)",3,1,a4,noise,"('a6',)",0,3,-0.012114111983067055
2,"(5,)",3,1,a4,noise,"('a6',)",0,4,-0.006250758534222189
2,"(5,)",3,1,a4,noise,"('a6',)",1,0,0.0029924375043055562
2,"(5,)",3,1,a4,noise,"('a6',)",1,1,-0.005526729312876011
2,"(5,)",3,1,a4,noise,"('a6',)",1,2,-0.0013681835840474443
2,"(5,)",3,1,a4,noise,"('a6',)",1,3,0.0033967525709137636
2,"(5,)",3,1,a4,noise,"('a6',)",1,4,0.007273778645323081
2,"(5,)",3,1,a4,noise,"('a6',)",2,0,-0.009804755439489499
2,"(5,)",3,1,a4,noise,"('a6',)",2,1,-0.013546027083300327
2,"(5,)",3,1,a4,noise,"('a6',)",2,2,-0.0022085400937309485
2,"(5,)",3,1,a4,noise,"('a6',)",2,3,0.0026507772336299418
2,"(5,)",3,1,a4,noise,"('a6',)",2,4,0.012097007646365565
2,"(5,)",3,1,a4,noise,"('a6',)",3,0,-0.004412808458987394
2,"(5,)",3,1,a4,noise,"('a6',)",3,1,-0.004029456237852114
2,"(5,)",3,1,a4,noise,"('a6',)",3,2,-0.009608429161993504
2,"(5,)",3,1,a4,noise,"('a6',)",3,3,-0.002411444073996849
2,"(5,)",3,1,a4,noise,"('a6',)",3,4,0.0027988582812515928
2,"(5,)",3,1,a4,noise,"('a6',)",4,0,-0.011545908591673648
2,"(5,)",3,1,a4,noise,"('a6',)",4,1,-0.006395451661343254
2,"(5,)",3,1,a4,noise,"('a6',)",4,2,0.0006389664157018249
2,"(5,)",3,1,a4,noise,"('a6',)",4,3,-0.0051029457957333935
2,"(5,)",3,1,a4,noise,"('a6',)",4,4,-0.0054559652334021935
2,"(0,)",4,1,a5,informative,"('a1',)",0,0,0.10916139971086031
2,"(0,)",4,1,a5,informative,"('a1',)",0,1,0.05877606189784296
2,"(0,)",4,1,a5,informative,"('a1',)",0,2,0.07110141369176548
2,"(0,)",4,1,a5,informative,"('a1',)",0,3,0.09183090735108279
2,"(0,)",4,1,a5,informative,"('a1',)",0,4,0.09628037899955261
2,"(0,)",4,1,a5,informative,"('a1',)",1,0,0.04933923066980106
2,"(0,)",4,1,a5,informative,"('a1',)",1,1,0.10010490966085595
2,"(0,)",4,1,a5,informative,"('a1',)",1,2,0.0866883283533127
2,"(0,)",4,1,a5,informative,"('a1',)",1,3,0.13109106250089136
2,"(0,)",4,1,a5,informative,"('a1',)",1,4,0.1341408666029435
2,"(0,)",4,1,a5,informative,"('a1',)",2,0,0.08305851425971145
2,"(0,)",4,1,a5,informative,"('a1',)",2,1,0.10694604948287129
2,"(0,)",4,1,a5,informative,"('a1',)",2,2,0.0904037557775319
2,"(0,)",4,1,a5,informative,"('a1',)",2,3,0.09073698751204862
2,"(0,)",4,1,a5,informative,"('a1',)",2,4,0.10109083487597864
2,"(0,)",4,1,a5,informative,"('a1',)",3,0,0.0901077452978164
2,"(0,)",4,1,a5,informative,"('a1',)",3,1,0.06863711257183935
2,"(0,)",4,1,a5,informative,"('a1',)",3,2,0.1417186903391297
2,"(0,)",4,1,a5,informative,"('a1',)",3,3,0.08952175353418118
2,"(0,)",4,1,a5,informative,"('a1',)",3,4,0.09196023271421389
2,"(0,)",4,1,a5,informative,"('a1',)",4,0,0.112888951363594
2,"(0,)",4,1,a5,informative,"('a1',)",4,1,0.05058353028816315
2,"(0,)",4,1,a5,informative,"('a1',)",4,2,0.10104152424132351
2,"(0,)",4,1,a5,informative,"('a1',)",4,3,0.12321271120086857
2,"(0,)",4,1,a5,informative,"('a1',)",4,4,0.0706119724277175
2,"(1,)",4,1,a5,informative,"('a2',)",0,0,0.10411758442507135
2,"(1,)",4,1,a5,informative,"('a2',)",0,1,0.050205816648635104
2,"(1,)",4,1,a5,informative,"('a2',)",0,2,0.06656237814793631
2,"(1,)",4,1,a5,informative,"('a2',)",0,3,0.0961082955076854
2,"(1,)",4,1,a5,informative,"('a2',)",0,4,0.1037533597448611
2,"(1,)",4,1,a5,informative,"('a2',)",1,0,0.0446090378856866
2,"(1,)",4,1,a5,informative,"('a2',)",1,1,0.10975553584000192
2,"(1,)",4,1,a5,informative,"('a2',)",1,2,0.10075650380475881
2,"(1,)",4,1,a5,informative,"('a2',)",1,3,0.1327718707899841
2,"(1,)",4,1,a5,informative,"('a2',)",1,4,0.127890198268516
2,"(1,)",4,1,a5,informative,"('a2',)",2,0,0.08372902978488239
2,"(1,)",4,1,a5,informative,"('a2',)",2,1,0.11821519844308798
2,"(1,)",4,1,a5,informative,"('a2',)",2,2,0.07855603474400308
2,"(1,)",4,1,a5,informative,"('a2',)",2,3,0.08787947702710464
2,"(1,)",4,1,a5,informative,"('a2',)",2,4,0.11383285527177361
2,"(1,)",4,1,a5,informative,"('a2',)",3,0,0.09343699131972483
2,"(1,)",4,1,a5,informative,"('a2',)",3,1,0.08371319695771728
2,"(1,)",4,1,a5,informative,"('a2',)",3,2,0.14527142902809353
2,"(1,)",4,1,a5,informative,"('a2',)",3,3,0.06751328950275809
2,"(1,)",4,1,a5,informative,"('a2',)",3,4,0.07948659469330166
2,"(1,)",4,1,a5,informative,"('a2',)",4,0,0.1190031000520465
2,"(1,)",4,1,a5,informative,"('a2',)",4,1,0.05286003520650451
2,"(1,)",4,1,a5,informative,"('a2',)",4,2,0.09725499960380185
2,"(1,)",4,1,a5,informative,"('a2',)",4,3,0.11466647755409298
2,"(1,)",4,1,a5,informative,"('a2',)",4,4,0.09425486201524286
2,"(2,)",4,1,a5,informative,"('a3',)",0,0,0.10807415271934684
2,"(2,)",4,1,a5,informative,"('a3',)",0,1,0.044218958988611834
2,"(2,)",4,1,a5,informative,"('a3',)",0,2,0.07670609892953051
2,"(2,)",4,1,a5,informative,"('a3',)",0,3,0.09130626247924106
2,"(2,)",4,1,a5,informative,"('a3',)",0,4,0.10683352873260754
2,"(2,)",4,1,a5,informative,"('a3',)",1,0,0.044671235678121035
2,"(2,)",4,1,a5,informative,"('a3',)",1,1,0.10721684583132651
2,"(2,)",4,1,a5,informative,"('a3',)",1,2,0.08908084655231852
2,"(2,)",4,1,a5,informative,"('a3',)",1,3,0.13022115050801425
2,"(2,)",4,1,a5,informative,"('a3',)",1,4,0.12654787935705214
2,"(2,)",4,1,a5,informative,"('a3',)",2,0,0.09219059591340084
2,"(2,)",4,1,a5,informative,"('a3',)",2,1,0.10613450369405708
2,"(2,)",4,1,a5,informative,"('a3',)",2,2,0.08166085866795408
2,"(2,)",4,1,a5,informative,"('a3',)",2,3,0.09440914917980242
2,"(2,)",4,1,a5,informative,"('a3',)",2,4,0.11038237095416692
2,"(2,)",4,1,a5,informative,"('a3',)",3,0,0.08163942890076642
2,"(2,)",4,1,a5,informative,"('a3',)",3,1,0.07388092270965452
2,"(2,)",4,1,a5,informative,"('a3',)",3,2,0.13512730353069913
2,"(2,)",4,1,a5,informative,"('a3',)",3,3,0.06983896770385295
2,"(2,)",4,1,a5,informative,"('a3',)",3,4,0.07479717623032012
2,"(2,)",4,1,a5,informative,"('a3',)",4,0,0.11762589434292597
2,"(2,)",4,1,a5,informative,"('a3',)",4,1,0.0630215641568031
2,"(2,)",4,1,a5,informative,"('a3',)",4,2,0.09986648053565295
2,"(2,)",4,1,a5,informative,"('a3',)",4,3,0.12904393922876234
2,"(2,)",4,1,a5,informative,"('a3',)",4,4,0.09586981712239334
2,"(3,)",4,1,a5,informative,"('a4',)",0,0,0.09194367362197886
2,"(3,)",4,1,a5,informative,"('a4',)",0,1,0.05152290346782418
2,"(3,)",4,1,a5,informative,"('a4',)",0,2,0.0571260033730846
2,"(3,)",4,1,a5,informative,"('a4',)",0,3,0.06774380752230796
2,"(3,)",4,1,a5,informative,"('a4',)",0,4,0.09322474808799763
2,"(3,)",4,1,a5,informative,"('a4',)",1,0,0.0353843351445049
2,"(3,)",4,1,a5,informative,"('a4',)",1,1,0.08960593074628376
2,"(3,)",4,1,a5,informative,"('a4',)",1,2,0.08555504500861572
2,"(3,)",4,1,a5,informative,"('a4',)",1,3,0.12309592230207472
2,"(3,)",4,1,a5,informative,"('a4',)",1,4,0.11090452890255936
2,"(3,)",4,1,a5,informative,"('a4',)",2,0,0.0877213667423346
2,"(3,)",4,1,a5,informative,"('a4',)",2,1,0.11194033795895086
2,"(3,)",4,1,a5,informative,"('a4',)",2,2,0.0838149880502913
2,"(3,)",4,1,a5,informative,"('a4',)",2,3,0.06980849034494524
2,"(3,)",4,1,a5,informative,"('a4',)",2,4,0.10809701210256101
2,"(3,)",4,1,a5,informative,"('a4',)",3,0,0.07579410730938357
2,"(3,)",4,1,a5,informative,"('a4',)",3,1,0.0766973204080712
2,"(3,)",4,1,a5,informative,"('a4',)",3,2,0.13551504550241905
2,"(3,)",4,1,a5,informative,"('a4',)",3,3,0.07408390224013195
2,"(3,)",4,1,a5,informative,"('a4',)",3,4,0.08256948151054805
2,"(3,)",4,1,a5,informative,"('a4',)",4,0,0.12143322246201127
2,"(3,)",4,1,a5,informative,"('a4',)",4,1,0.06977737127698486
2,"(3,)",4,1,a5,informative,"('a4',)",4,2,0.09873091085799762
2,"(3,)",4,1,a5,informative,"('a4',)",4,3,0.1286424613943319
2,"(3,)",4,1,a5,informative,"('a4',)",4,4,0.08576938847489879
2,"(5,)",4,1,a5,informative,"('a6',)",0,0,0.10356165160996278
2,"(5,)",4,1,a5,informative,"('a6',)",0,1,0.05160062816344563
2,"(5,)",4,1,a5,informative,"('a6',)",0,2,0.06932225185450963
2,"(5,)",4,1,a5,informative,"('a6',)",0,3,0.09126059315158719
2,"(5,)",4,1,a5,informative,"('a6',)",0,4,0.12421715964191793
2,"(5,)",4,1,a5,informative,"('a6',)",1,0,0.041766204432133136
2,"(5,)",4,1,a5,informative,"('a6',)",1,1,0.10163224070186466
2,"(5,)",4,1,a5,informative,"('a6',)",1,2,0.09289367637692425
2,"(5,)",4,1,a5,informative,"('a6',)",1,3,0.1317871631389239
2,"(5,)",4,1,a5,informative,"('a6',)",1,4,0.13548415939499564
2,"(5,)",4,1,a5,informative,"('a6',)",2,0,0.09103140523837161
2,"(5,)",4,1,a5,informative,"('a6',)",2,1,0.09414457417333089
2,"(5,)",4,1,a5,informative,"('a6',)",2,2,0.08192445060011128
2,"(5,)",4,1,a5,informative,"('a6',)",2,3,0.08265455898006291
2,"(5,)",4,1,a5,informative,"('a6',)",2,4,0.10995732942320963
2,"(5,)",4,1,a5,informative,"('a6',)",3,0,0.0749222924182052
2,"(5,)",4,1,a5,informative,"('a6',)",3,1,0.07727759009180118
2,"(5,)",4,1,a5,informative,"('a6',)",3,2,0.13666630253179513
2,"(5,)",4,1,a5,informative,"('a6',)",3,3,0.06966381975056357
2,"(5,)",4,1,a5,informative,"('a6',)",3,4,0.08529128100635924
2,"(5,)",4,1,a5,informative,"('a6',)",4,0,0.10382696530849872
2,"(5,)",4,1,a5,informative,"('a6',)",4,1,0.057031372918637246
2,"(5,)",4,1,a5,informative,"('a6',)",4,2,0.09269744282181702
2,"(5,)",4,1,a5,informative,"('a6',)",4,3,0.12970323937191663
2,"(5,)",4,1,a5,informative,"('a6',)",4,4,0.07513765562218006
2,"(0,)",5,1,a6,noise,"('a1',)",0,0,0.004701623925571385
2,"(0,)",5,1,a6,noise,"('a1',)",0,1,-0.0032928256723002702
2,"(0,)",5,1,a6,noise,"('a1',)",0,2,0.0016938782737374591
2,"(0,)",5,1,a6,noise,"('a1',)",0,3,0.012023053514683357
2,"(0,)",5,1,a6,noise,"('a1',)",0,4,-0.0018329951137625589
2,"(0,)",5,1,a6,noise,"('a1',)",1,0,0.0012055918406198574
2,"(0,)",5,1,a6,noise,"('a1',)",1,1,0.0006542078981038868
2,"(0,)",5,1,a6,noise,"('a1',)",1,2,0.0007739640515269652
2,"(0,)",5,1,a6,noise,"('a1',)",1,3,0.003685257956128729
2,"(0,)",5,1,a6,noise,"('a1',)",1,4,-0.0008709666383385217
2,"(0,)",5,1,a6,noise,"('a1',)",2,0,0.0017815887016054965
2,"(0,)",5,1,a6,noise,"('a1',)",2,1,0.001114720366012456
2,"(0,)",5,1,a6,noise,"('a1',)",2,2,-0.0055742736331058085
2,"(0,)",5,1,a6,noise,"('a1',)",2,3,-0.001791053478908844
2,"(0,)",5,1,a6,noise,"('a1',)",2,4,0.001281519557746913
2,"(0,)",5,1,a6,noise,"('a1',)",3,0,-0.006096325715527429
2,"(0,)",5,1,a6,noise,"('a1',)",3,1,0.00043547073203142883
2,"(0,)",5,1,a6,noise,"('a1',)",3,2,-0.0022000755944078243
2,"(0,)",5,1,a6,noise,"('a1',)",3,3,0.008473701279037793
2,"(0,)",5,1,a6,noise,"('a1',)",3,4,0.0011568949674296558
2,"(0,)",5,1,a6,noise,"('a1',)",4,0,-0.003772651292708651
2,"(0,)",5,1,a6,noise,"('a1',)",4,1,0.0026518656469828317
2,"(0,)",5,1,a6,noise,"('a1',)",4,2,-0.0013692309483948062
2,"(0,)",5,1,a6,noise,"('a1',)",4,3,0.0013487628490990167
2,"(0,)",5,1,a6,noise,"('a1',)",4,4,-0.001740000281249876
2,"(1,)",5,1,a6,noise,"('a2',)",0,0,0.0065811944148195245
2,"(1,)",5,1,a6,noise,"('a2',)",0,1,-0.0019588795663517677
2,"(1,)",5,1,a6,noise,"('a2',)",0,2,-0.0005607129713257608
2,"(1,)",5,1,a6,noise,"('a2',)",0,3,-0.006175973604296003
2,"(1,)",5,1,a6,noise,"('a2',)",0,4,-0.010817381936873316
2,"(1,)",5,1,a6,noise,"('a2',)",1,0,-0.001712998178004077
2,"(1,)",5,1,a6,noise,"('a2',)",1,1,0.0009940667417479565
2,"(1,)",5,1,a6,noise,"('a2',)",1,2,-0.0022224382384397057
2,"(1,)",5,1,a6,noise,"('a2',)",1,3,-0.009782735367544648
2,"(1,)",5,1,a6,noise,"('a2',)",1,4,-0.00374983918828542
2,"(1,)",5,1,a6,noise,"('a2',)",2,0,0.0014615646566239482
2,"(1,)",5,1,a6,noise,"('a2',)",2,1,-0.004063527091776042
2,"(1,)",5,1,a6,noise,"('a2',)",2,2,0.0033058440533316746
2,"(1,)",5,1,a6,noise,"('a2',)",2,3,-0.0006633416633033962
2,"(1,)",5,1,a6,noise,"('a2',)",2,4,-0.008845570752589405
2,"(1,)",5,1,a6,noise,"('a2',)",3,0,-0.00040701688050459595
2,"(1,)",5,1,a6,noise,"('a2',)",3,1,-0.0030321585510654225
2,"(1,)",5,1,a6,noise,"('a2',)",3,2,-0.012010036051578188
2,"(1,)",5,1,a6,noise,"('a2',)",3,3,-0.013414444599621655
2,"(1,)",5,1,a6,noise,"('a2',)",3,4,-0.004516553892757069
2,"(1,)",5,1,a6,noise,"('a2',)",4,0,0.0026273174009571187
2,"(1,)",5,1,a6,noise,"('a2',)",4,1,0.0013301537646972506
2,"(1,)",5,1,a6,noise,"('a2',)",4,2,0.0012164850748757061
2,"(1,)",5,1,a6,noise,"('a2',)",4,3,-0.006796661504942569
2,"(1,)",5,1,a6,noise,"('a2',)",4,4,-0.010453471831478989
2,"(2,)",5,1,a6,noise,"('a3',)",0,0,0.009390874786179504
2,"(2,)",5,1,a6,noise,"('a3',)",0,1,-0.0037862575543654575
2,"(2,)",5,1,a6,noise,"('a3',)",0,2,-0.006029518456396432
2,"(2,)",5,1,a6,noise,"('a3',)",0,3,-0.0045424069299467296
2,"(2,)",5,1,a6,noise,"('a3',)",0,4,-0.0042150461198681155
2,"(2,)",5,1,a6,noise,"('a3',)",1,0,0.0011600981648244302
2,"(2,)",5,1,a6,noise,"('a3',)",1,1,0.0006462424061987049
2,"(2,)",5,1,a6,noise,"('a3',)",1,2,-0.0033485761682912063
2,"(2,)",5,1,a6,noise,"('a3',)",1,3,-0.0009194521789432919
2,"(2,)",5,1,a6,noise,"('a3',)",1,4,-0.012654182260704305
2,"(2,)",5,1,a6,noise,"('a3',)",2,0,0.0016852241160969506
2,"(2,)",5,1,a6,noise,"('a3',)",2,1,-0.0011779180500280928
2,"(2,)",5,1,a6,noise,"('a3',)",2,2,0.002438113413351317
2,"(2,)",5,1,a6,noise,"('a3',)",2,3,0.008477266555289686
2,"(2,)",5,1,a6,noise,"('a3',)",2,4,0.00044964676971426254
2,"(2,)",5,1,a6,noise,"('a3',)",3,0,-0.00468913244851199
2,"(2,)",5,1,a6,noise,"('a3',)",3,1,-0.0012277716262086846
2,"(2,)",5,1,a6,noise,"('a3',)",3,2,-0.0030337572975215332
2,"(2,)",5,1,a6,noise,"('a3',)",3,3,-0.002847542926360136
2,"(2,)",5,1,a6,noise,"('a3',)",3,4,0.0029207592424574935
2,"(2,)",5,1,a6,noise,"('a3',)",4,0,0.0015171389473708219
2,"(2,)",5,1,a6,noise,"('a3',)",4,1,2.4414145764484196e-05
2,"(2,)",5,1,a6,noise,"('a3',)",4,2,-0.0031430346420914246
2,"(2,)",5,1,a6,noise,"('a3',)",4,3,0.0027504271044801465
2,"(2,)",5,1,a6,noise,"('a3',)",4,4,-0.004414161123531657
2,"(3,)",5,1,a6,noise,"('a4',)",0,0,-0.00012959548057078774
2,"(3,)",5,1,a6,noise,"('a4',)",0,1,-0.0006721925397656925
2,"(3,)",5,1,a6,noise,"('a4',)",0,2,-0.0021583884821135824
2,"(3,)",5,1,a6,noise,"('a4',)",0,3,-0.005660248628217235
2,"(3,)",5,1,a6,noise,"('a4',)",0,4,-0.009426746480699966
2,"(3,)",5,1,a6,noise,"('a4',)",1,0,-0.003027928370366584
2,"(3,)",5,1,a6,noise,"('a4',)",1,1,0.004447671770299255
2,"(3,)",5,1,a6,noise,"('a4',)",1,2,0.001386135075062911
2,"(3,)",5,1,a6,noise,"('a4',)",1,3,0.009592476146368933
2,"(3,)",5,1,a6,noise,"('a4',)",1,4,-0.0011067127973167779
2,"(3,)",5,1,a6,noise,"('a4',)",2,0,0.0008397053802134957
2,"(3,)",5,1,a6,noise,"('a4',)",2,1,-0.009703933497724693
2,"(3,)",5,1,a6,noise,"('a4',)",2,2,-2.9767409045478033e-06
2,"(3,)",5,1,a6,noise,"('a4',)",2,3,-0.008556450879483646
2,"(3,)",5,1,a6,noise,"('a4',)",2,4,-0.002606738114802054
2,"(3,)",5,1,a6,noise,"('a4',)",3,0,-0.0047666593493811416
2,"(3,)",5,1,a6,noise,"('a4',)",3,1,-0.0033095951326406192
2,"(3,)",5,1,a6,noise,"('a4',)",3,2,6.608897485838039e-05
2,"(3,)",5,1,a6,noise,"('a4',)",3,3,-0.0027861073899290156
2,"(3,)",5,1,a6,noise,"('a4',)",3,4,-0.00045012345781325624
2,"(3,)",5,1,a6,noise,"('a4',)",4,0,-0.003360781619118791
2,"(3,)",5,1,a6,noise,"('a4',)",4,1,0.0017292733691078865
2,"(3,)",5,1,a6,noise,"('a4',)",4,2,-0.0002174877161148503
2,"(3,)",5,1,a6,noise,"('a4',)",4,3,0.007653033766671702
2,"(3,)",5,1,a6,noise,"('a4',)",4,4,-0.004528048995326439
2,"(4,)",5,1,a6,noise,"('a5',)",0,0,0.0021306228391443915
2,"(4,)",5,1,a6,noise,"('a5',)",0,1,-0.0027464450854134403
2,"(4,)",5,1,a6,noise,"('a5',)",0,2,0.003263194562334426
2,"(4,)",5,1,a6,noise,"('a5',)",0,3,-0.003917586436580078
2,"(4,)",5,1,a6,noise,"('a5',)",0,4,0.0038378631583850797
2,"(4,)",5,1,a6,noise,"('a5',)",1,0,0.005057698004115818
2,"(4,)",5,1,a6,noise,"('a5',)",1,1,-0.0008598785256616059
2,"(4,)",5,1,a6,noise,"('a5',)",1,2,0.0001742667885302196
2,"(4,)",5,1,a6,noise,"('a5',)",1,3,0.0018856703097958616
2,"(4,)",5,1,a6,noise,"('a5',)",1,4,-0.008330771608804133
2,"(4,)",5,1,a6,noise,"('a5',)",2,0,0.0022107147814854344
2,"(4,)",5,1,a6,noise,"('a5',)",2,1,-0.010813502394872887
2,"(4,)",5,1,a6,noise,"('a5',)",2,2,-0.0006929654278388653
2,"(4,)",5,1,a6,noise,"('a5',)",2,3,-0.01811794096129654
2,"(4,)",5,1,a6,noise,"('a5',)",2,4,-0.0004075204422300249
2,"(4,)",5,1,a6,noise,"('a5',)",3,0,-0.0004931487801738133
2,"(4,)",5,1,a6,noise,"('a5',)",3,1,-0.007771638170012307
2,"(4,)",5,1,a6,noise,"('a5',)",3,2,-0.004231500247440845
2,"(4,)",5,1,a6,noise,"('a5',)",3,3,-0.0010295441845719067
2,"(4,)",5,1,a6,noise,"('a5',)",3,4,0.0010105428687903206
2,"(4,)",5,1,a6,noise,"('a5',)",4,0,0.0019421681427196913
2,"(4,)",5,1,a6,noise,"('a5',)",4,1,-0.0018246747482675851
2,"(4,)",5,1,a6,noise,"('a5',)",4,2,-0.004600648774339966
2,"(4,)",5,1,a6,noise,"('a5',)",4,3,-0.0016556946285828933
2,"(4,)",5,1,a6,noise,"('a5',)",4,4,0.008263716791784781
