order,target_feature,ground_truth,context_features,source_file,mean_delta,std_fold_delta,se_unit_mean,ci95_boot_low,ci95_boot_high,n_units,n_repeats,n_seeds,n_folds_total,interval_unit,n,protocol,loss,calibrated,context_feature
1.0,a1,informative,(),null_swap_monks1_raw.csv,-0.0025902573299372146,0.004712918964163699,0.0013864948310288688,-0.005212574980663583,-0.0005423299907282152,5,5,0,25,repeat_mean,,,,,
1.0,a2,informative,(),null_swap_monks1_raw.csv,0.000939060620366984,0.006155050358878812,0.0014004551346597732,-0.0018461255838390876,0.003002245234415732,5,5,0,25,repeat_mean,,,,,
1.0,a3,noise,(),null_swap_monks1_raw.csv,-0.0011030376845573443,0.002380909836357688,0.00023368724763625246,-0.0015594122041500398,-0.000732913960244104,5,5,0,25,repeat_mean,,,,,
1.0,a4,noise,(),null_swap_monks1_raw.csv,-0.001441493575245496,0.0038951289620461262,0.0011312616967528134,-0.0030815176674788562,0.0007327439817495479,5,5,0,25,repeat_mean,,,,,
1.0,a5,informative,(),null_swap_monks1_raw.csv,0.09313101599174872,0.025096622445880665,0.0032964402109426105,0.08728420996936133,0.09835876654164248,5,5,0,25,repeat_mean,,,,,
1.0,a6,noise,(),null_swap_monks1_raw.csv,-0.000597292298650292,0.0019066838427340667,0.0002409133777471291,-0.0009943353332736,-0.00015458445140075606,5,5,0,25,repeat_mean,,,,,
2.0,a1,informative,"('a2',)",null_swap_monks1_raw.csv,0.1375435665764385,0.031974576746092866,0.004277595519241169,0.1295011056552979,0.14400263110099218,5,5,0,25,repeat_mean,,,,,
2.0,a1,informative,"('a3',)",null_swap_monks1_raw.csv,-0.0020031618268717306,0.0070934380417092095,0.0007276498792010873,-0.0032920130805447635,-0.000922981335398252,5,5,0,25,repeat_mean,,,,,
2.0,a1,informative,"('a4',)",null_swap_monks1_raw.csv,-0.005757700206757148,0.009223543236865903,0.0016829909787013533,-0.009159187912559503,-0.0031669919448945602,5,5,0,25,repeat_mean,,,,,
2.0,a1,informative,"('a5',)",null_swap_monks1_raw.csv,-0.000606072945598716,0.010128939733000906,0.0009617402895874918,-0.00208944745762816,0.001250494589552208,5,5,0,25,repeat_mean,,,,,
2.0,a1,informative,"('a6',)",null_swap_monks1_raw.csv,-0.0032479103353213194,0.008420445169962357,0.002637896462010181,-0.007675775015159948,0.00152850258209756,5,5,0,25,repeat_mean,,,,,
2.0,a2,informative,"('a1',)",null_swap_monks1_raw.csv,0.15269414296606645,0.028142530368563106,0.0035053092257566385,0.14549271262614005,0.15727792560148435,5,5,0,25,repeat_mean,,,,,
2.0,a2,informative,"('a3',)",null_swap_monks1_raw.csv,-0.0007525112046761002,0.006757812971711725,0.0007363484554237813,-0.00200172424024798,0.000511405335833044,5,5,0,25,repeat_mean,,,,,
2.0,a2,informative,"('a4',)",null_swap_monks1_raw.csv,-0.0025048389345073323,0.009103401987421721,0.0011772096895651563,-0.004439302281735928,-0.0002718817215098561,5,5,0,25,repeat_mean,,,,,
2.0,a2,informative,"('a5',)",null_swap_monks1_raw.csv,5.979661290867196e-05,0.006875810892308097,0.0006348871402751273,-0.000850699692356732,0.0013384134865415198,5,5,0,25,repeat_mean,,,,,
2.0,a2,informative,"('a6',)",null_swap_monks1_raw.csv,0.00062266554246318,0.007290296263723582,0.001690059850590945,-0.0027843373046516754,0.0028659645069763076,5,5,0,25,repeat_mean,,,,,
2.0,a3,noise,"('a1',)",null_swap_monks1_raw.csv,-0.0031519958651970398,0.005547115688189745,0.0007161916635280308,-0.00441939057420364,-0.00188460115619044,5,5,0,25,repeat_mean,,,,,
2.0,a3,noise,"('a2',)",null_swap_monks1_raw.csv,-0.002386683185955516,0.004851503168049976,0.0007167106301144248,-0.003427879738733268,-0.000948211745799092,5,5,0,25,repeat_mean,,,,,
2.0,a3,noise,"('a4',)",null_swap_monks1_raw.csv,-0.0007722886279184601,0.004141077933808522,0.0010101760354522774,-0.0025735877456663477,0.001029010489829428,5,5,0,25,repeat_mean,,,,,
2.0,a3,noise,"('a5',)",null_swap_monks1_raw.csv,-0.00228024938821938,0.005408048811838958,0.0008288352735296794,-0.0036614277687793315,-0.000899071007659428,5,5,0,25,repeat_mean,,,,,
2.0,a3,noise,"('a6',)",null_swap_monks1_raw.csv,-0.0019936106555865593,0.00394529391001075,0.000890372195488129,-0.0036010596654317993,-0.000424507914650372,5,5,0,25,repeat_mean,,,,,
2.0,a4,noise,"('a1',)",null_swap_monks1_raw.csv,-0.002778968193534524,0.006829535981691853,0.0012585566431817454,-0.005001814562941612,-0.000611361011508324,5,5,0,25,repeat_mean,,,,,
2.0,a4,noise,"('a2',)",null_swap_monks1_raw.csv,-0.004159162604213701,0.008162852788549921,0.0018706761248220606,-0.007794064822272353,-0.0015044042944342448,5,5,0,25,repeat_mean,,,,,
2.0,a4,noise,"('a3',)",null_swap_monks1_raw.csv,-0.00234878912020026,0.0055781065745622105,0.0009531104620628758,-0.004021392817319932,-0.0006845433630412801,5,5,0,25,repeat_mean,,,,,
2.0,a4,noise,"('a5',)",null_swap_monks1_raw.csv,-0.00789497768150162,0.008481724997330216,0.0008593580046239094,-0.009258869988678827,-0.006179419229483192,5,5,0,25,repeat_mean,,,,,
2.0,a4,noise,"('a6',)",null_swap_monks1_raw.csv,-0.0025337750621695922,0.00642261983625434,0.0011298003338426515,-0.0043268704983672485,-0.00044541689216106407,5,5,0,25,repeat_mean,,,,,
2.0,a5,informative,"('a1',)",null_swap_monks1_raw.csv,0.09364139701303589,0.02422689519106624,0.0024849313344673446,0.08917265567468832,0.09755976166686857,5,5,0,25,repeat_mean,,,,,
2.0,a5,informative,"('a2',)",null_swap_monks1_raw.csv,0.09464816609069086,0.025828786519174515,0.003060559460366422,0.08889977492500431,0.09995934146157155,5,5,0,25,repeat_mean,,,,,
2.0,a5,informative,"('a3',)",null_swap_monks1_raw.csv,0.09401463730589527,0.02475504098874057,0.0032511975535998924,0.0883849232103457,0.09964435140144483,5,5,0,25,repeat_mean,,,,,
2.0,a5,informative,"('a4',)",null_swap_monks1_raw.csv,0.08866009219252369,0.02463420429051058,0.0046344624033384935,0.07962901841556862,0.09609062729893056,5,5,0,25,repeat_mean,,,,,
2.0,a5,informative,"('a6',)",null_swap_monks1_raw.csv,0.09221824034892494,0.025853394614943907,0.0022617401698826582,0.08903855265933373,0.09651633175905192,5,5,0,25,repeat_mean,,,,,
2.0,a6,noise,"('a1',)",null_swap_monks1_raw.csv,0.0005776681276644881,0.003957439757426072,0.0006103425858553676,-0.0004147135742911639,0.0016855504562071483,5,5,0,25,repeat_mean,,,,,
2.0,a6,noise,"('a2',)",null_swap_monks1_raw.csv,-0.0033466846305473686,0.00527995281110782,0.0008673925038932077,-0.005040165490185368,-0.002187766778049456,5,5,0,25,repeat_mean,,,,,
2.0,a6,noise,"('a3',)",null_swap_monks1_raw.csv,-0.0009827420852416406,0.004554723636668563,0.0009192446419531146,-0.0023118071981260606,0.000702287963309208,5,5,0,25,repeat_mean,,,,,
2.0,a6,noise,"('a4',)",null_swap_monks1_raw.csv,-0.0014702532475882545,0.004591785903503103,0.0011935847335185301,-0.00349606109132168,0.0006841497066398441,5,5,0,25,repeat_mean,,,,,
2.0,a6,noise,"('a5',)",null_swap_monks1_raw.csv,-0.001508680086760028,0.005499483089111439,0.0011502549638953924,-0.0037364513123918524,0.00029248066441379586,5,5,0,25,repeat_mean,,,,,
1.0,X1,,(),exp7_xor3_records.csv,-0.0035507756679457837,0.016315170615069357,0.004615287939519858,-0.01130812630196695,0.0042065749660753805,5,5,0,25,repeat_mean,,,,,
1.0,X10,,(),exp7_xor3_records.csv,0.0068670523985145315,0.013447524580899463,0.0019928238701365816,0.0039363812058555115,0.010538325662682186,5,5,0,25,repeat_mean,,,,,
1.0,X2,,(),exp7_xor3_records.csv,-0.004893026121541911,0.016797261408268743,0.0030503551342160136,-0.010051098806592064,0.0004972102707308206,5,5,0,25,repeat_mean,,,,,
1.0,X3,,(),exp7_xor3_records.csv,0.0010923469787524392,0.01937127881057052,0.004203347055217548,-0.006395332206360056,0.008949268897179844,5,5,0,25,repeat_mean,,,,,
1.0,X4,,(),exp7_xor3_records.csv,0.004354720819096008,0.014973450286009611,0.004998730026652417,-0.0038048573811967634,0.013206082926848784,5,5,0,25,repeat_mean,,,,,
1.0,X5,,(),exp7_xor3_records.csv,0.001229784425597764,0.014508426963188872,0.00217098041630957,-0.002392774664289056,0.005093809065332395,5,5,0,25,repeat_mean,,,,,
1.0,X6,,(),exp7_xor3_records.csv,-0.0015742262811553483,0.018739018612348408,0.002507807170114401,-0.00535688813013774,0.0035327557871337677,5,5,0,25,repeat_mean,,,,,
1.0,X7,,(),exp7_xor3_records.csv,-0.0015051241158504636,0.01604716507597971,0.001773279878588391,-0.00457090484556158,0.0015606566138606525,5,5,0,25,repeat_mean,,,,,
1.0,X8,,(),exp7_xor3_records.csv,0.0069578887198978034,0.011622780970913483,0.00110238699443925,0.004985370364143044,0.008695532068145577,5,5,0,25,repeat_mean,,,,,
1.0,X9,,(),exp7_xor3_records.csv,-0.00919850458408842,0.013521142166224456,0.00132311744089923,-0.010844292239722341,-0.006532417133272239,5,5,0,25,repeat_mean,,,,,
2.0,X1,,"('X10',)",exp7_xor3_records.csv,-0.0022956261739498483,0.015261146973065156,0.001305811177442501,-0.004427110811174471,0.00024356194723756022,5,5,0,25,repeat_mean,,,,,
2.0,X1,,"('X2',)",exp7_xor3_records.csv,-0.003448064264634616,0.019113556144616996,0.004454079948979713,-0.011314459811459864,0.0041465800279331866,5,5,0,25,repeat_mean,,,,,
2.0,X1,,"('X3',)",exp7_xor3_records.csv,-0.00716686351902658,0.01836713815548562,0.004435546280401386,-0.01483978947832936,0.0005060624402761997,5,5,0,25,repeat_mean,,,,,
2.0,X1,,"('X4',)",exp7_xor3_records.csv,0.0006087306137836444,0.018669506815266176,0.003768490767132332,-0.005478202781981512,0.007447896529882837,5,5,0,25,repeat_mean,,,,,
2.0,X1,,"('X5',)",exp7_xor3_records.csv,-0.0052668045385049446,0.019030988491384904,0.004325873097653521,-0.012368102310520452,0.0021884107886860796,5,5,0,25,repeat_mean,,,,,
2.0,X1,,"('X6',)",exp7_xor3_records.csv,0.004196689363873097,0.020507287952794797,0.004172094292004739,-0.0030599671969137724,0.011066991017445833,5,5,0,25,repeat_mean,,,,,
2.0,X1,,"('X7',)",exp7_xor3_records.csv,0.004839765945993365,0.01728220202107428,0.0024213562929565045,0.00096349777720698,0.009264159775483869,5,5,0,25,repeat_mean,,,,,
2.0,X1,,"('X8',)",exp7_xor3_records.csv,0.0068278814731148,0.01628285696360258,0.002780825894746524,0.0020864186939252845,0.011388538079425834,5,5,0,25,repeat_mean,,,,,
2.0,X1,,"('X9',)",exp7_xor3_records.csv,-0.0008503458123849282,0.01698104701216565,0.0029688462842213737,-0.005573168507355392,0.004691695336837564,5,5,0,25,repeat_mean,,,,,
2.0,X10,,"('X1',)",exp7_xor3_records.csv,0.00021997932552452395,0.01612011317927479,0.00244434365379831,-0.004382047686793499,0.004118441294462179,5,5,0,25,repeat_mean,,,,,
2.0,X10,,"('X2',)",exp7_xor3_records.csv,0.004557651145711116,0.014348889091160886,0.00345021176343237,-0.0010033753964026244,0.010710297425778078,5,5,0,25,repeat_mean,,,,,
2.0,X10,,"('X3',)",exp7_xor3_records.csv,-0.002440496452510164,0.015346945678985377,0.002184719229560313,-0.006578283152626764,0.000723928081666296,5,5,0,25,repeat_mean,,,,,
2.0,X10,,"('X4',)",exp7_xor3_records.csv,0.0027744135008948047,0.015284807743065544,0.0036454136385709753,-0.0031844615411165365,0.008668398880532412,5,5,0,25,repeat_mean,,,,,
2.0,X10,,"('X5',)",exp7_xor3_records.csv,0.002416149863946476,0.020147083622994465,0.004418449494301441,-0.00529402912104576,0.009880022503328681,5,5,0,25,repeat_mean,,,,,
2.0,X10,,"('X6',)",exp7_xor3_records.csv,0.004173686169723232,0.018650670990023276,0.003309176402737079,-0.000769319107447032,0.010673291201375949,5,5,0,25,repeat_mean,,,,,
2.0,X10,,"('X7',)",exp7_xor3_records.csv,0.004606515407925852,0.016162974020331997,0.002981274713740396,-0.0010865841412881958,0.008880952963329032,5,5,0,25,repeat_mean,,,,,
2.0,X10,,"('X8',)",exp7_xor3_records.csv,0.001908691498355692,0.022480749665437564,0.0016603879333453335,-0.0008745277804527521,0.004909076140121964,5,5,0,25,repeat_mean,,,,,
2.0,X10,,"('X9',)",exp7_xor3_records.csv,-0.001958187908597752,0.014067828849277026,0.004287251285269013,-0.010305093723117293,0.0038128079716424554,5,5,0,25,repeat_mean,,,,,
2.0,X2,,"('X1',)",exp7_xor3_records.csv,-0.002293976258661896,0.01702801924508927,0.0024941808292589076,-0.006433496374590517,0.002373573465958004,5,5,0,25,repeat_mean,,,,,
2.0,X2,,"('X10',)",exp7_xor3_records.csv,0.00214518066713104,0.017697724402787357,0.0027960593585982505,-0.002012825719880208,0.007191979194950866,5,5,0,25,repeat_mean,,,,,
2.0,X2,,"('X3',)",exp7_xor3_records.csv,-0.006798371948637631,0.016375030874663094,0.0010332225216800862,-0.008482123794342118,-0.0049901555408487395,5,5,0,25,repeat_mean,,,,,
2.0,X2,,"('X4',)",exp7_xor3_records.csv,0.006953412933526839,0.01619869186727451,0.0027742951613963,0.0023150366430883676,0.01207631039404516,5,5,0,25,repeat_mean,,,,,
2.0,X2,,"('X5',)",exp7_xor3_records.csv,-0.003999598730446168,0.012957869703667831,0.0012731542166799445,-0.006581447315552315,-0.0023171066241372516,5,5,0,25,repeat_mean,,,,,
2.0,X2,,"('X6',)",exp7_xor3_records.csv,-0.0022693332237464243,0.016822741959493237,0.00421718798365083,-0.00977748514586384,0.004946183645745381,5,5,0,25,repeat_mean,,,,,
2.0,X2,,"('X7',)",exp7_xor3_records.csv,0.003000590687698188,0.01820305741870259,0.005422548312678632,-0.006673579697809601,0.012674761073205976,5,5,0,25,repeat_mean,,,,,
2.0,X2,,"('X8',)",exp7_xor3_records.csv,-0.006411087723130481,0.016544960203107785,0.005222725700179049,-0.0166501381827481,0.0006734387827196768,5,5,0,25,repeat_mean,,,,,
2.0,X2,,"('X9',)",exp7_xor3_records.csv,0.005165644226677645,0.015293489189916196,0.0038814940518845523,-0.0013171624666075802,0.011978759170303775,5,5,0,25,repeat_mean,,,,,
2.0,X3,,"('X1',)",exp7_xor3_records.csv,0.0023679331302592717,0.015727297206599156,0.0031200187220035845,-0.0022605105771331124,0.00816751220845928,5,5,0,25,repeat_mean,,,,,
2.0,X3,,"('X10',)",exp7_xor3_records.csv,-0.0016332866987137367,0.014010015722374316,0.0037385313984842636,-0.007846013344109068,0.004977840226205424,5,5,0,25,repeat_mean,,,,,
2.0,X3,,"('X2',)",exp7_xor3_records.csv,-0.00381560774122918,0.023346261378917106,0.002905870236753133,-0.00865990918380878,0.001195368539603148,5,5,0,25,repeat_mean,,,,,
2.0,X3,,"('X4',)",exp7_xor3_records.csv,0.0016253994254595958,0.01594974105894093,0.0035813667010798633,-0.004846040050367828,0.008279388550012316,5,5,0,25,repeat_mean,,,,,
2.0,X3,,"('X5',)",exp7_xor3_records.csv,-0.0026784238098878045,0.020440441886253047,0.003660535438994386,-0.008509712776510076,0.003596727266548636,5,5,0,25,repeat_mean,,,,,
2.0,X3,,"('X6',)",exp7_xor3_records.csv,0.008203093878432063,0.02356554447020755,0.0021747509129885147,0.004343843073707681,0.012062344683156447,5,5,0,25,repeat_mean,,,,,
2.0,X3,,"('X7',)",exp7_xor3_records.csv,-0.0020136570209480596,0.01357358420209286,0.0035083563517380517,-0.007041030811367204,0.005122101324303045,5,5,0,25,repeat_mean,,,,,
2.0,X3,,"('X8',)",exp7_xor3_records.csv,-0.002147169770640376,0.019927503033487576,0.00399480909272291,-0.009525123025501653,0.00445678830499312,5,5,0,25,repeat_mean,,,,,
2.0,X3,,"('X9',)",exp7_xor3_records.csv,-0.0023970728686772192,0.014827680228340438,0.004084804088999978,-0.009438533255455753,0.0046443875181013125,5,5,0,25,repeat_mean,,,,,
2.0,X4,,"('X1',)",exp7_xor3_records.csv,-0.004527302168506688,0.0183671505870006,0.005296773085494087,-0.013483606109396801,0.004420900748396896,5,5,0,25,repeat_mean,,,,,
2.0,X4,,"('X10',)",exp7_xor3_records.csv,-0.0020839571142381597,0.019015313826798563,0.002596528852087082,-0.006542710810028193,0.002374796581551872,5,5,0,25,repeat_mean,,,,,
2.0,X4,,"('X2',)",exp7_xor3_records.csv,0.009032909853720461,0.016691486400383804,0.004834336034915772,0.002139499331030604,0.01827191637796153,5,5,0,25,repeat_mean,,,,,
2.0,X4,,"('X3',)",exp7_xor3_records.csv,-5.901607692427244e-05,0.01607760780590072,0.003862577179131017,-0.0063911221518643795,0.007283140465456596,5,5,0,25,repeat_mean,,,,,
2.0,X4,,"('X5',)",exp7_xor3_records.csv,-0.0040736455076413524,0.017804455012491456,0.0021067316659641924,-0.0075891255449356525,-0.0005226644446102083,5,5,0,25,repeat_mean,,,,,
2.0,X4,,"('X6',)",exp7_xor3_records.csv,-0.0020260771089984637,0.011817669291580837,0.0023015942698977206,-0.006445466032049335,0.0011685132090494452,5,5,0,25,repeat_mean,,,,,
2.0,X4,,"('X7',)",exp7_xor3_records.csv,-0.0008799503166524246,0.013730618742344849,0.0029557789745992347,-0.005734811322866972,0.0042778671723753565,5,5,0,25,repeat_mean,,,,,
2.0,X4,,"('X8',)",exp7_xor3_records.csv,-0.00475069605234558,0.015011214295795798,0.0030646920970809704,-0.010214994156906583,0.00036248108549553974,5,5,0,25,repeat_mean,,,,,
2.0,X4,,"('X9',)",exp7_xor3_records.csv,0.00188732575032302,0.017954366952083026,0.0025757935512819947,-0.0025217290743238,0.006298272141478022,5,5,0,25,repeat_mean,,,,,
2.0,X5,,"('X1',)",exp7_xor3_records.csv,-0.001146260914557176,0.01544347785160912,0.0032672518558146094,-0.0068099755681092,0.005008231259261288,5,5,0,25,repeat_mean,,,,,
2.0,X5,,"('X10',)",exp7_xor3_records.csv,0.0005178201873813399,0.015013460200973985,0.004033335849497517,-0.006938779958211589,0.0075712191982071795,5,5,0,25,repeat_mean,,,,,
2.0,X5,,"('X2',)",exp7_xor3_records.csv,0.0018982809358141365,0.017939990804321185,0.0019738626180519953,-0.0018635091571548076,0.005250522807891955,5,5,0,25,repeat_mean,,,,,
2.0,X5,,"('X3',)",exp7_xor3_records.csv,-0.006720525403562872,0.01700867422441304,0.0029535470444908315,-0.010646955258689764,-0.0009929284428164043,5,5,0,25,repeat_mean,,,,,
2.0,X5,,"('X4',)",exp7_xor3_records.csv,-0.00042298272813422405,0.015772905605535115,0.0024639684722655526,-0.004570469642805908,0.003934660929761975,5,5,0,25,repeat_mean,,,,,
2.0,X5,,"('X6',)",exp7_xor3_records.csv,0.006337517825689733,0.016780238754016144,0.0021854541862561905,0.0028247253400130127,0.010471033282315332,5,5,0,25,repeat_mean,,,,,
2.0,X5,,"('X7',)",exp7_xor3_records.csv,-0.0043671693218258235,0.017599594511170474,0.002752920463741018,-0.008959661042163855,0.000225322398512208,5,5,0,25,repeat_mean,,,,,
2.0,X5,,"('X8',)",exp7_xor3_records.csv,-0.007335486813345687,0.014394187529416024,0.00279235249222679,-0.012257526308788555,-0.0023893335834525987,5,5,0,25,repeat_mean,,,,,
2.0,X5,,"('X9',)",exp7_xor3_records.csv,0.01150859346821544,0.018014364314559692,0.003122965565385179,0.0060611620264720166,0.016956024909958865,5,5,0,25,repeat_mean,,,,,
2.0,X6,,"('X1',)",exp7_xor3_records.csv,0.0008459040582523441,0.01888673076008871,0.0033802644150995012,-0.004969681342574664,0.006757108440669725,5,5,0,25,repeat_mean,,,,,
2.0,X6,,"('X10',)",exp7_xor3_records.csv,0.001105090765066996,0.01652163769187938,0.003087778452592257,-0.004168035693977027,0.006440363157877252,5,5,0,25,repeat_mean,,,,,
2.0,X6,,"('X2',)",exp7_xor3_records.csv,-0.0034379303581372916,0.01588357804261894,0.002976700018216067,-0.008431349713071804,0.002308189811174536,5,5,0,25,repeat_mean,,,,,
2.0,X6,,"('X3',)",exp7_xor3_records.csv,0.003261562620143888,0.015076303766139944,0.003739113341353405,-0.0042773962448252895,0.007204474884756236,5,5,0,25,repeat_mean,,,,,
2.0,X6,,"('X4',)",exp7_xor3_records.csv,-0.006838636849963437,0.013306048255944256,0.002004255086803757,-0.009807531928436888,-0.0030079746769378964,5,5,0,25,repeat_mean,,,,,
2.0,X6,,"('X5',)",exp7_xor3_records.csv,0.00883569155526648,0.016347093919246297,0.003576603225483539,0.0021378138461046804,0.014627515125987211,5,5,0,25,repeat_mean,,,,,
2.0,X6,,"('X7',)",exp7_xor3_records.csv,-0.00011512108443565531,0.016378646397611687,0.0025777758283499225,-0.004145755956398489,0.005205363820875139,5,5,0,25,repeat_mean,,,,,
2.0,X6,,"('X8',)",exp7_xor3_records.csv,0.00033525869802769197,0.021874166151027424,0.005127971561371004,-0.00818945611537818,0.008859973511433564,5,5,0,25,repeat_mean,,,,,
2.0,X6,,"('X9',)",exp7_xor3_records.csv,0.0019873107392112755,0.01871327338110266,0.001089302442521398,0.00028169028307612436,0.0040166833962394285,5,5,0,25,repeat_mean,,,,,
2.0,X7,,"('X1',)",exp7_xor3_records.csv,0.004277422768780939,0.016763824047777105,0.004152862939077448,-0.0028753220073157075,0.011430167544877589,5,5,0,25,repeat_mean,,,,,
2.0,X7,,"('X10',)",exp7_xor3_records.csv,0.002884260347239959,0.017547202933599217,0.00332752004749507,-0.003089437219642596,0.00822631512624362,5,5,0,25,repeat_mean,,,,,
2.0,X7,,"('X2',)",exp7_xor3_records.csv,0.00533478502934492,0.01848084923793854,0.003057053113258037,-0.0005021525477399041,0.010013560202031905,5,5,0,25,repeat_mean,,,,,
2.0,X7,,"('X3',)",exp7_xor3_records.csv,-0.0035179314626855285,0.019332134992577386,0.004803531173586964,-0.011480262288292145,0.004409906492996948,5,5,0,25,repeat_mean,,,,,
2.0,X7,,"('X4',)",exp7_xor3_records.csv,0.0032397883914798,0.015416414804776011,0.004419067901474718,-0.00392667013162102,0.010688089290481349,5,5,0,25,repeat_mean,,,,,
2.0,X7,,"('X5',)",exp7_xor3_records.csv,-0.004534176436648176,0.016255218755794738,0.0010086198994637525,-0.006257292273119691,-0.0027444893884709925,5,5,0,25,repeat_mean,,,,,
2.0,X7,,"('X6',)",exp7_xor3_records.csv,-0.0031768834577947285,0.01848879755911595,0.003241074374612464,-0.008393328324562535,0.0027132763000419233,5,5,0,25,repeat_mean,,,,,
2.0,X7,,"('X8',)",exp7_xor3_records.csv,-0.005238986702944772,0.017759251636460055,0.0025728867014480844,-0.00977268062564643,-0.000705292780243116,5,5,0,25,repeat_mean,,,,,
2.0,X7,,"('X9',)",exp7_xor3_records.csv,0.0062654863777419365,0.012127499639723436,0.0023027919840896303,0.002222432122690396,0.010009654832038504,5,5,0,25,repeat_mean,,,,,
2.0,X8,,"('X1',)",exp7_xor3_records.csv,0.0042201015851710925,0.014360386218711265,0.0024491029101753577,0.00011460022551658804,0.008357433194230842,5,5,0,25,repeat_mean,,,,,
2.0,X8,,"('X10',)",exp7_xor3_records.csv,0.001164734708281463,0.019273472362571046,0.003527128798951883,-0.003669040038256052,0.008277187016521876,5,5,0,25,repeat_mean,,,,,
2.0,X8,,"('X2',)",exp7_xor3_records.csv,-0.009303537026471161,0.015665887811512767,0.003189694138065911,-0.014493389609590018,-0.0036280224550909166,5,5,0,25,repeat_mean,,,,,
2.0,X8,,"('X3',)",exp7_xor3_records.csv,-0.004705632361385408,0.01610921404576108,0.0029989664928199884,-0.008274847452679616,0.0012674715248923243,5,5,0,25,repeat_mean,,,,,
2.0,X8,,"('X4',)",exp7_xor3_records.csv,0.0004492740583562201,0.020072221150755014,0.003313147259805285,-0.0054577569661248245,0.006356305082837264,5,5,0,25,repeat_mean,,,,,
2.0,X8,,"('X5',)",exp7_xor3_records.csv,-0.0073357546182694165,0.019615243237608264,0.002560584570171983,-0.01176289823181066,-0.0028487387758616882,5,5,0,25,repeat_mean,,,,,
2.0,X8,,"('X6',)",exp7_xor3_records.csv,0.0018065500907630482,0.013179758841727342,0.002560607569040694,-0.002606472861828568,0.006162401123207228,5,5,0,25,repeat_mean,,,,,
2.0,X8,,"('X7',)",exp7_xor3_records.csv,-0.007118326687400648,0.01645643047529611,0.0013714800199841023,-0.009618089534462455,-0.004684136558362664,5,5,0,25,repeat_mean,,,,,
2.0,X8,,"('X9',)",exp7_xor3_records.csv,0.0028654359918287397,0.015596658083393042,0.0037296115986050456,-0.0040615576595843875,0.009803639395276172,5,5,0,25,repeat_mean,,,,,
2.0,X9,,"('X1',)",exp7_xor3_records.csv,0.00019375404332753226,0.014114927391580767,0.0018688890468110321,-0.002898423632254672,0.003468018782039188,5,5,0,25,repeat_mean,,,,,
2.0,X9,,"('X10',)",exp7_xor3_records.csv,-0.0032080428088827923,0.012920303066822023,0.002923304150096149,-0.008884599131539248,0.0009726638025321158,5,5,0,25,repeat_mean,,,,,
2.0,X9,,"('X2',)",exp7_xor3_records.csv,0.0037490356111794516,0.017506929295219173,0.003040876997953886,-0.0013884168169001683,0.008815071268816898,5,5,0,25,repeat_mean,,,,,
2.0,X9,,"('X3',)",exp7_xor3_records.csv,-0.004139325803698839,0.018923618481642077,0.004667735227698795,-0.012164796988720302,0.00373055583059492,5,5,0,25,repeat_mean,,,,,
2.0,X9,,"('X4',)",exp7_xor3_records.csv,0.004405463309070651,0.017156685839355413,0.003023445275513787,-4.7732018178671916e-05,0.010559042677042463,5,5,0,25,repeat_mean,,,,,
2.0,X9,,"('X5',)",exp7_xor3_records.csv,0.009237690736176711,0.016271153402651006,0.0039610439791666905,0.0018551330904414283,0.015744489003396044,5,5,0,25,repeat_mean,,,,,
2.0,X9,,"('X6',)",exp7_xor3_records.csv,0.004812439231761933,0.023036084114829637,0.004778297120038809,-0.002938483424260765,0.013306371206669854,5,5,0,25,repeat_mean,,,,,
2.0,X9,,"('X7',)",exp7_xor3_records.csv,-0.0005131222277225723,0.01561314811231794,0.002724369270960951,-0.005617397756449221,0.003722585322447752,5,5,0,25,repeat_mean,,,,,
2.0,X9,,"('X8',)",exp7_xor3_records.csv,-0.002071195360073904,0.02039267052709493,0.005734393643563027,-0.011903659459373632,0.007549463358055527,5,5,0,25,repeat_mean,,,,,
3.0,X1,,"('X2', 'X10')",exp7_xor3_records.csv,0.002283758061714228,0.015612820362747944,0.0015893465724267405,-0.00048588442622859594,0.005148863740654536,5,5,0,25,repeat_mean,,,,,
3.0,X1,,"('X2', 'X3')",exp7_xor3_records.csv,0.5841353611683475,0.04542704080457544,0.009368487821728647,0.5649071591032258,0.5993353410077341,5,5,0,25,repeat_mean,,,,,
3.0,X1,,"('X2', 'X4')",exp7_xor3_records.csv,-0.004444094619880724,0.014905219982584539,0.0030213735319725462,-0.010065242213265931,3.9497580405907714e-05,5,5,0,25,repeat_mean,,,,,
3.0,X1,,"('X2', 'X5')",exp7_xor3_records.csv,-0.0037265059954900283,0.01745142569278697,0.0035525586343550884,-0.010785155208345195,0.0015159608390827718,5,5,0,25,repeat_mean,,,,,
3.0,X1,,"('X2', 'X6')",exp7_xor3_records.csv,0.0006721037287989801,0.021259727395123492,0.005879417143778877,-0.008583539774687829,0.012338707581163257,5,5,0,25,repeat_mean,,,,,
3.0,X1,,"('X2', 'X7')",exp7_xor3_records.csv,0.005213581344681192,0.01856011481778164,0.003193562189139296,0.001596907544584308,0.011661430859159695,5,5,0,25,repeat_mean,,,,,
3.0,X1,,"('X2', 'X8')",exp7_xor3_records.csv,-0.004371113099219028,0.013799396738726986,0.002925893070774726,-0.009197557502174502,0.0007484620812691964,5,5,0,25,repeat_mean,,,,,
3.0,X1,,"('X2', 'X9')",exp7_xor3_records.csv,-0.003455711996284776,0.015172699148457588,0.002971937334973998,-0.008087296290934482,0.0022444324534516796,5,5,0,25,repeat_mean,,,,,
3.0,X1,,"('X3', 'X10')",exp7_xor3_records.csv,-0.0027925916577827077,0.01700978521480202,0.0014662972078008523,-0.00531766005730012,-0.0002675232582652964,5,5,0,25,repeat_mean,,,,,
3.0,X1,,"('X3', 'X4')",exp7_xor3_records.csv,-0.009438943888904337,0.012229440221053895,0.0027982929160181953,-0.014517112726958058,-0.004858427077481515,5,5,0,25,repeat_mean,,,,,
3.0,X1,,"('X3', 'X5')",exp7_xor3_records.csv,-0.0007774828915556602,0.017947173128349595,0.002598695636488407,-0.005128522469046845,0.0035735566859355235,5,5,0,25,repeat_mean,,,,,
3.0,X1,,"('X3', 'X6')",exp7_xor3_records.csv,0.0034088871202561715,0.013621822457725322,0.0030775349393478727,-0.0018722014295947241,0.008689975670107068,5,5,0,25,repeat_mean,,,,,
3.0,X1,,"('X3', 'X7')",exp7_xor3_records.csv,-0.0004689330132912041,0.01741574014728198,0.004055423609165651,-0.00843819355075712,0.005944508103815964,5,5,0,25,repeat_mean,,,,,
3.0,X1,,"('X3', 'X8')",exp7_xor3_records.csv,0.00029777763921199187,0.01777876675812787,0.0031242118037553817,-0.005178679364676126,0.005774234643100113,5,5,0,25,repeat_mean,,,,,
3.0,X1,,"('X3', 'X9')",exp7_xor3_records.csv,-0.006872511147314793,0.019842528182650147,0.005635677475844704,-0.01770686514427627,0.0021670182837726323,5,5,0,25,repeat_mean,,,,,
3.0,X1,,"('X4', 'X10')",exp7_xor3_records.csv,-0.001115486859128284,0.016449621515099776,0.003611207890771824,-0.007486286980396345,0.005094087833002643,5,5,0,25,repeat_mean,,,,,
3.0,X1,,"('X4', 'X5')",exp7_xor3_records.csv,-0.005878769268805233,0.01815969646027659,0.003967175290764077,-0.013915790247469246,-0.0011493420516391119,5,5,0,25,repeat_mean,,,,,
3.0,X1,,"('X4', 'X6')",exp7_xor3_records.csv,0.003268093063100976,0.013600516743847072,0.003272277845450791,-0.00229174817665862,0.00882793430286057,5,5,0,25,repeat_mean,,,,,
3.0,X1,,"('X4', 'X7')",exp7_xor3_records.csv,0.010820886653648196,0.01878802508898058,0.002971392774352338,0.005770387443610039,0.015697317928023143,5,5,0,25,repeat_mean,,,,,
3.0,X1,,"('X4', 'X8')",exp7_xor3_records.csv,0.0015953657422353557,0.013939738367743156,0.0018278624467756082,-0.0015003053733571678,0.00468139138338274,5,5,0,25,repeat_mean,,,,,
3.0,X1,,"('X4', 'X9')",exp7_xor3_records.csv,-0.002492947605301584,0.014830372022344522,0.0034691096774476455,-0.008480158466165424,0.0034942632555622563,5,5,0,25,repeat_mean,,,,,
3.0,X1,,"('X5', 'X10')",exp7_xor3_records.csv,-0.0031376806996047035,0.01005153841019168,0.0009454958547698422,-0.005049548865572633,-0.001854668897309776,5,5,0,25,repeat_mean,,,,,
3.0,X1,,"('X5', 'X6')",exp7_xor3_records.csv,-0.001033497650239156,0.016260970976394208,0.0006452749485655758,-0.0020249617030245644,0.00019623929710882362,5,5,0,25,repeat_mean,,,,,
3.0,X1,,"('X5', 'X7')",exp7_xor3_records.csv,0.0020626108250930363,0.0225464676941591,0.0027553174011601352,-0.0025006688250809963,0.006491474005968115,5,5,0,25,repeat_mean,,,,,
3.0,X1,,"('X5', 'X8')",exp7_xor3_records.csv,0.0014700934706748721,0.011744325611490079,0.002257685009624975,-0.0025066601959777236,0.005438142788077233,5,5,0,25,repeat_mean,,,,,
3.0,X1,,"('X5', 'X9')",exp7_xor3_records.csv,0.002674452030582244,0.02170882150140996,0.005686531297183543,-0.0067024346573936,0.013207387876814098,5,5,0,25,repeat_mean,,,,,
3.0,X1,,"('X6', 'X10')",exp7_xor3_records.csv,-0.0039156319480680365,0.0184654141133666,0.003345045389045328,-0.010706801113611292,0.00048690843034077217,5,5,0,25,repeat_mean,,,,,
3.0,X1,,"('X6', 'X7')",exp7_xor3_records.csv,0.004144961870101849,0.022729089644107716,0.0031757092231730517,-0.0014518346417892402,0.009434257637020292,5,5,0,25,repeat_mean,,,,,
3.0,X1,,"('X6', 'X8')",exp7_xor3_records.csv,0.003226973892698072,0.015449000741930355,0.0037050007750691035,-0.0032888692797645364,0.00974281706516068,5,5,0,25,repeat_mean,,,,,
3.0,X1,,"('X6', 'X9')",exp7_xor3_records.csv,0.00024663766192051164,0.01316383545509464,0.004238453485920729,-0.008471200225741347,0.005931229996696107,5,5,0,25,repeat_mean,,,,,
3.0,X1,,"('X7', 'X10')",exp7_xor3_records.csv,-0.002281735774086932,0.01588808352396233,0.0028778431672170156,-0.007456957622856887,0.0030588762044115765,5,5,0,25,repeat_mean,,,,,
3.0,X1,,"('X7', 'X8')",exp7_xor3_records.csv,0.005365419009713061,0.016488453537346483,0.005311710889194695,-0.0037989137500379646,0.014529751769464083,5,5,0,25,repeat_mean,,,,,
3.0,X1,,"('X7', 'X9')",exp7_xor3_records.csv,-0.0009476458222419958,0.018156913936981035,0.0017620022571490845,-0.003715791186609528,0.0022742886742113362,5,5,0,25,repeat_mean,,,,,
3.0,X1,,"('X8', 'X10')",exp7_xor3_records.csv,0.002491539669551964,0.014323704920002114,0.0034746907062896807,-0.002711745270406056,0.009529069611091668,5,5,0,25,repeat_mean,,,,,
3.0,X1,,"('X8', 'X9')",exp7_xor3_records.csv,0.003474089007211732,0.015323845025020452,0.0009615382416514805,0.001956856969590312,0.005276847750059556,5,5,0,25,repeat_mean,,,,,
3.0,X1,,"('X9', 'X10')",exp7_xor3_records.csv,0.00254348880397124,0.020200470781103756,0.00483800771770588,-0.005511621877331276,0.011396582977454519,5,5,0,25,repeat_mean,,,,,
3.0,X10,,"('X1', 'X2')",exp7_xor3_records.csv,0.0032643585739681887,0.01813448580471662,0.000650432017051968,0.0021767340035940717,0.004353343873486586,5,5,0,25,repeat_mean,,,,,
3.0,X10,,"('X1', 'X3')",exp7_xor3_records.csv,-0.0005136829038392082,0.013628084656045227,0.0026026512378003845,-0.005657065498488888,0.0038811958757536194,5,5,0,25,repeat_mean,,,,,
3.0,X10,,"('X1', 'X4')",exp7_xor3_records.csv,0.0045447396558444516,0.018719372124605498,0.004184697352810246,-0.0022482307341699717,0.011337710045858877,5,5,0,25,repeat_mean,,,,,
3.0,X10,,"('X1', 'X5')",exp7_xor3_records.csv,0.000882569857991252,0.01445569701871665,0.0015043953744912277,-0.0020438055754822605,0.0030412487294580516,5,5,0,25,repeat_mean,,,,,
3.0,X10,,"('X1', 'X6')",exp7_xor3_records.csv,0.0037972051580193195,0.012980860389219487,0.002581922974247697,-0.0010466936514856875,0.008013179806918218,5,5,0,25,repeat_mean,,,,,
3.0,X10,,"('X1', 'X7')",exp7_xor3_records.csv,-0.0029006382848448674,0.01866596023427983,0.0033935367233283013,-0.008828513664811702,0.003027237095121964,5,5,0,25,repeat_mean,,,,,
3.0,X10,,"('X1', 'X8')",exp7_xor3_records.csv,0.005048647337255299,0.01703311360544944,0.004158854955384932,-0.001716119915287672,0.012151998118407075,5,5,0,25,repeat_mean,,,,,
3.0,X10,,"('X1', 'X9')",exp7_xor3_records.csv,0.00308470524935128,0.017291744979673337,0.004802614563763412,-0.00537303074166784,0.01075600022619942,5,5,0,25,repeat_mean,,,,,
3.0,X10,,"('X2', 'X3')",exp7_xor3_records.csv,-0.004737873061227284,0.01776301178016652,0.004020488201976982,-0.01244418167363385,0.001824412338923588,5,5,0,25,repeat_mean,,,,,
3.0,X10,,"('X2', 'X4')",exp7_xor3_records.csv,-0.003023945057324624,0.017249793805633518,0.0032362795159922397,-0.008930294602752683,0.00191765250339744,5,5,0,25,repeat_mean,,,,,
3.0,X10,,"('X2', 'X5')",exp7_xor3_records.csv,0.001697907026684552,0.016742895732618626,0.004518814877267276,-0.006731335646845209,0.00923367785607655,5,5,0,25,repeat_mean,,,,,
3.0,X10,,"('X2', 'X6')",exp7_xor3_records.csv,-0.0059726612748633445,0.011850617214543828,0.0028308423239049346,-0.010672414063812455,-0.000949813995275328,5,5,0,25,repeat_mean,,,,,
3.0,X10,,"('X2', 'X7')",exp7_xor3_records.csv,0.0009628710036485123,0.013608834851936131,0.0028793897419526473,-0.00353464507161904,0.006660351399919278,5,5,0,25,repeat_mean,,,,,
3.0,X10,,"('X2', 'X8')",exp7_xor3_records.csv,-0.007272599527850404,0.01772545516485145,0.002063955898102373,-0.011100941479624845,-0.003949474503964288,5,5,0,25,repeat_mean,,,,,
3.0,X10,,"('X2', 'X9')",exp7_xor3_records.csv,-0.0017002221427025077,0.01554031552177457,0.0035801630273872057,-0.008168133961413896,0.004117538622186448,5,5,0,25,repeat_mean,,,,,
3.0,X10,,"('X3', 'X4')",exp7_xor3_records.csv,0.005742821753410452,0.013201001693521739,0.0031534154032334546,0.0018444308757452961,0.01210292661565447,5,5,0,25,repeat_mean,,,,,
3.0,X10,,"('X3', 'X5')",exp7_xor3_records.csv,-8.35898374292796e-05,0.016541351442477516,0.0028035491814201265,-0.004948172970818256,0.004761157859288932,5,5,0,25,repeat_mean,,,,,
3.0,X10,,"('X3', 'X6')",exp7_xor3_records.csv,0.00035885395017807653,0.017811375486823967,0.005084056690219097,-0.007847564477274471,0.009115731574256625,5,5,0,25,repeat_mean,,,,,
3.0,X10,,"('X3', 'X7')",exp7_xor3_records.csv,-0.0028091823315763882,0.01652110760023409,0.0038542065934750003,-0.010166116397820807,0.003926897105989632,5,5,0,25,repeat_mean,,,,,
3.0,X10,,"('X3', 'X8')",exp7_xor3_records.csv,-0.00018286340747451565,0.016058226404132427,0.00368347745549008,-0.006736152030947476,0.006449950942554425,5,5,0,25,repeat_mean,,,,,
3.0,X10,,"('X3', 'X9')",exp7_xor3_records.csv,-0.0021769865540256284,0.018520095470209327,0.005444237308656412,-0.010359428572163152,0.008404823458427328,5,5,0,25,repeat_mean,,,,,
3.0,X10,,"('X4', 'X5')",exp7_xor3_records.csv,-0.0016287668513318798,0.017670148034960743,0.0035062922008566714,-0.008064519471225693,0.004116656256996652,5,5,0,25,repeat_mean,,,,,
3.0,X10,,"('X4', 'X6')",exp7_xor3_records.csv,-0.001588391709859252,0.013670049548109221,0.0025712931744786846,-0.004995629102522556,0.003507599420071916,5,5,0,25,repeat_mean,,,,,
3.0,X10,,"('X4', 'X7')",exp7_xor3_records.csv,0.0077938535675805285,0.010712907350627965,0.0014245623446862,0.005402185443454244,0.010278903583082201,5,5,0,25,repeat_mean,,,,,
3.0,X10,,"('X4', 'X8')",exp7_xor3_records.csv,0.004512448900651508,0.01593722410884278,0.0029252010921454793,-0.0001760130100232878,0.009279891710616533,5,5,0,25,repeat_mean,,,,,
3.0,X10,,"('X4', 'X9')",exp7_xor3_records.csv,0.002246498999797267,0.015550141489860055,0.0023649303982321555,-0.002275043062358388,0.00541544445513036,5,5,0,25,repeat_mean,,,,,
3.0,X10,,"('X5', 'X6')",exp7_xor3_records.csv,-0.0027912881238869366,0.015949345636108295,0.0033952556988132696,-0.008784965790914747,0.003202389543140876,5,5,0,25,repeat_mean,,,,,
3.0,X10,,"('X5', 'X7')",exp7_xor3_records.csv,0.004232387073340991,0.013997641856616568,0.0037638789019141874,-0.0022132026678853486,0.010677976814567332,5,5,0,25,repeat_mean,,,,,
3.0,X10,,"('X5', 'X8')",exp7_xor3_records.csv,-0.0009083385281517597,0.01253749369620011,0.0023359561109124235,-0.005010577590037488,0.0030664706439179233,5,5,0,25,repeat_mean,,,,,
3.0,X10,,"('X5', 'X9')",exp7_xor3_records.csv,0.005094441095608744,0.01703788934561138,0.003360809525453569,-0.0007296129897560045,0.010833091241493582,5,5,0,25,repeat_mean,,,,,
3.0,X10,,"('X6', 'X7')",exp7_xor3_records.csv,0.0050654809107692645,0.020182700676424532,0.004301390698103163,-0.001724190514411024,0.013555650297344162,5,5,0,25,repeat_mean,,,,,
3.0,X10,,"('X6', 'X8')",exp7_xor3_records.csv,0.0058956071758012275,0.01835072800657072,0.004292930683440194,-0.0015920476346011482,0.013135776454930113,5,5,0,25,repeat_mean,,,,,
3.0,X10,,"('X6', 'X9')",exp7_xor3_records.csv,0.00046759653766868787,0.019230650267237206,0.005545154195577041,-0.00928155267551016,0.010216745750847536,5,5,0,25,repeat_mean,,,,,
3.0,X10,,"('X7', 'X8')",exp7_xor3_records.csv,0.0062029514888788115,0.01939379718637154,0.004609608670935781,-0.0026551337601254006,0.01470558101779276,5,5,0,25,repeat_mean,,,,,
3.0,X10,,"('X7', 'X9')",exp7_xor3_records.csv,-0.0012727755178256366,0.01775855362186157,0.0036044673859869257,-0.00719747590458316,0.005161805502805678,5,5,0,25,repeat_mean,,,,,
3.0,X10,,"('X8', 'X9')",exp7_xor3_records.csv,0.003248039886643608,0.02054725110513523,0.003905226855698327,-0.003692508106726284,0.0101885878800135,5,5,0,25,repeat_mean,,,,,
3.0,X2,,"('X1', 'X10')",exp7_xor3_records.csv,0.0004902731710150727,0.018081635037367632,0.004530138670227998,-0.007332456891237647,0.008514166637682636,5,5,0,25,repeat_mean,,,,,
3.0,X2,,"('X1', 'X3')",exp7_xor3_records.csv,0.5889204537115948,0.0390449978968824,0.005975631108515774,0.5788308964505555,0.5988438109486803,5,5,0,25,repeat_mean,,,,,
3.0,X2,,"('X1', 'X4')",exp7_xor3_records.csv,-2.4171800109328394e-05,0.017807930479135994,0.006163996111530974,-0.01226988469080723,0.00804533142195855,5,5,0,25,repeat_mean,,,,,
3.0,X2,,"('X1', 'X5')",exp7_xor3_records.csv,-0.0009426026654238162,0.01129120204604467,0.0024147660736565206,-0.00540286575074187,0.0025905159544691,5,5,0,25,repeat_mean,,,,,
3.0,X2,,"('X1', 'X6')",exp7_xor3_records.csv,0.004342636605945453,0.018139931587071723,0.002957892077580692,-0.0009114686174022914,0.008950795247415884,5,5,0,25,repeat_mean,,,,,
3.0,X2,,"('X1', 'X7')",exp7_xor3_records.csv,-0.0009726997062685116,0.014056366573951613,0.0008290000875457899,-0.0022610912091013315,0.0005136681533392758,5,5,0,25,repeat_mean,,,,,
3.0,X2,,"('X1', 'X8')",exp7_xor3_records.csv,-0.006134421953159172,0.013947644595359514,0.0035171089600679953,-0.011890142024167391,0.00018484317827305205,5,5,0,25,repeat_mean,,,,,
3.0,X2,,"('X1', 'X9')",exp7_xor3_records.csv,0.002064190217113604,0.015803376453774942,0.003785908636708949,-0.005603653309255204,0.007648052440514875,5,5,0,25,repeat_mean,,,,,
3.0,X2,,"('X3', 'X10')",exp7_xor3_records.csv,-0.004099490829006164,0.014752276373513009,0.002858937487367441,-0.008654074181553346,0.0014283666202880832,5,5,0,25,repeat_mean,,,,,
3.0,X2,,"('X3', 'X4')",exp7_xor3_records.csv,-0.0029721731053870245,0.014261728186312843,0.0020405672583461774,-0.0060802977332343605,0.0010760995148430684,5,5,0,25,repeat_mean,,,,,
3.0,X2,,"('X3', 'X5')",exp7_xor3_records.csv,-0.0016423613644908888,0.020642801181000727,0.005310113764123498,-0.010436240164795416,0.00715151743581364,5,5,0,25,repeat_mean,,,,,
3.0,X2,,"('X3', 'X6')",exp7_xor3_records.csv,0.0023721685126541843,0.015009512543674384,0.002812739050158773,-0.002575487283255956,0.007319824308564324,5,5,0,25,repeat_mean,,,,,
3.0,X2,,"('X3', 'X7')",exp7_xor3_records.csv,-0.00024343651161372424,0.014879066497214752,0.002366099844377459,-0.003923252513495836,0.004339955715162816,5,5,0,25,repeat_mean,,,,,
3.0,X2,,"('X3', 'X8')",exp7_xor3_records.csv,-0.0030244731722244554,0.016257631374317433,0.0018622057940525527,-0.0065897016829381,-0.00011994879352590789,5,5,0,25,repeat_mean,,,,,
3.0,X2,,"('X3', 'X9')",exp7_xor3_records.csv,-0.0007626886334553564,0.013778826292341477,0.002817367246449922,-0.005443775563046092,0.004339191918911565,5,5,0,25,repeat_mean,,,,,
3.0,X2,,"('X4', 'X10')",exp7_xor3_records.csv,0.0005446548651980482,0.016867648695057642,0.0029960678228634617,-0.004209712107786112,0.006196786500709596,5,5,0,25,repeat_mean,,,,,
3.0,X2,,"('X4', 'X5')",exp7_xor3_records.csv,0.00994664165638819,0.017477012712797765,0.0022168332813481332,0.006048634566047581,0.013728703729914905,5,5,0,25,repeat_mean,,,,,
3.0,X2,,"('X4', 'X6')",exp7_xor3_records.csv,-0.0003260149794342275,0.019628595250176264,0.0049996672124486465,-0.008961184167457354,0.008309154208588899,5,5,0,25,repeat_mean,,,,,
3.0,X2,,"('X4', 'X7')",exp7_xor3_records.csv,0.007758621507236368,0.0174460380945746,0.0016105042234683623,0.004962448745090099,0.010554794269382635,5,5,0,25,repeat_mean,,,,,
3.0,X2,,"('X4', 'X8')",exp7_xor3_records.csv,-0.0018618505919054844,0.01370147529612517,0.0029264982362329876,-0.006860208925738692,0.0031365077419277234,5,5,0,25,repeat_mean,,,,,
3.0,X2,,"('X4', 'X9')",exp7_xor3_records.csv,0.005466598785247217,0.014106306151089033,0.0035882406229209487,-0.0003612359934194446,0.0121687798737815,5,5,0,25,repeat_mean,,,,,
3.0,X2,,"('X5', 'X10')",exp7_xor3_records.csv,0.00040994777520513557,0.016244609787809366,0.0020730105717938095,-0.0031709099140982363,0.0039578150797787036,5,5,0,25,repeat_mean,,,,,
3.0,X2,,"('X5', 'X6')",exp7_xor3_records.csv,-0.0007347554016406248,0.01891725764074642,0.002068545685415341,-0.0037589008682968605,0.003340131659394947,5,5,0,25,repeat_mean,,,,,
3.0,X2,,"('X5', 'X7')",exp7_xor3_records.csv,0.0026532144801889724,0.01710044739156199,0.0036791188226883006,-0.0042740689403850205,0.00804765304290452,5,5,0,25,repeat_mean,,,,,
3.0,X2,,"('X5', 'X8')",exp7_xor3_records.csv,-0.002056182389087424,0.011892918176332064,0.0033183266661751423,-0.007968882719182589,0.0032223823788162824,5,5,0,25,repeat_mean,,,,,
3.0,X2,,"('X5', 'X9')",exp7_xor3_records.csv,0.0026508329443708763,0.013981623395779009,0.003235063152914189,-0.002227695326761632,0.008708381890661351,5,5,0,25,repeat_mean,,,,,
3.0,X2,,"('X6', 'X10')",exp7_xor3_records.csv,0.0008832758197963001,0.021912958869710092,0.004379996478261349,-0.006680526406002157,0.008447078045594756,5,5,0,25,repeat_mean,,,,,
3.0,X2,,"('X6', 'X7')",exp7_xor3_records.csv,-4.7457624360804435e-05,0.016787093559753944,0.0017213590260585392,-0.0034426247556662475,0.002229736780459936,5,5,0,25,repeat_mean,,,,,
3.0,X2,,"('X6', 'X8')",exp7_xor3_records.csv,-0.005439280565832312,0.013649383257398392,0.002941359829114034,-0.010614591331043536,-0.0005012279546161603,5,5,0,25,repeat_mean,,,,,
3.0,X2,,"('X6', 'X9')",exp7_xor3_records.csv,0.0021099788995419,0.01738698667663389,0.0017867000065147473,-0.0012031229704581676,0.004880739264328108,5,5,0,25,repeat_mean,,,,,
3.0,X2,,"('X7', 'X10')",exp7_xor3_records.csv,-0.0027614960818993757,0.015243754356279166,0.002519132758852713,-0.007340049838511812,0.00140536918957896,5,5,0,25,repeat_mean,,,,,
3.0,X2,,"('X7', 'X8')",exp7_xor3_records.csv,0.0025794788474330717,0.014959482962215232,0.0017027470672174938,-0.0006529220770272805,0.005212015031474457,5,5,0,25,repeat_mean,,,,,
3.0,X2,,"('X7', 'X9')",exp7_xor3_records.csv,0.006834463842131367,0.016152328043031714,0.0039001747355256796,0.0002286874408725913,0.013694460659752172,5,5,0,25,repeat_mean,,,,,
3.0,X2,,"('X8', 'X10')",exp7_xor3_records.csv,-0.013549497160222865,0.019410438022389634,0.003541131256347046,-0.020704158160418727,-0.008468187001056043,5,5,0,25,repeat_mean,,,,,
3.0,X2,,"('X8', 'X9')",exp7_xor3_records.csv,-0.008447527852731347,0.019547050819049217,0.0024493517778130264,-0.012019811769950177,-0.0036267666800029836,5,5,0,25,repeat_mean,,,,,
3.0,X2,,"('X9', 'X10')",exp7_xor3_records.csv,-0.001872713730986244,0.01539162609541702,0.004586816117421053,-0.00988848157089264,0.005690170477046932,5,5,0,25,repeat_mean,,,,,
3.0,X3,,"('X1', 'X10')",exp7_xor3_records.csv,-0.0063330530919510995,0.01527415409360156,0.001140580154668152,-0.008392793037604216,-0.004542958266472951,5,5,0,25,repeat_mean,,,,,
3.0,X3,,"('X1', 'X2')",exp7_xor3_records.csv,0.5854183747715944,0.04497565152331587,0.00949110717762762,0.5699830750460136,0.6027886214919285,5,5,0,25,repeat_mean,,,,,
3.0,X3,,"('X1', 'X4')",exp7_xor3_records.csv,0.0024436095341233803,0.017685030092508065,0.002401372913874983,-0.00196770794724912,0.006096436698898295,5,5,0,25,repeat_mean,,,,,
3.0,X3,,"('X1', 'X5')",exp7_xor3_records.csv,-0.0035356215231780396,0.016766244658232184,0.0028659840848851738,-0.008009699105068015,0.0019783892362459045,5,5,0,25,repeat_mean,,,,,
3.0,X3,,"('X1', 'X6')",exp7_xor3_records.csv,0.007923351928383771,0.015213981517668316,0.002756406086742015,0.003379205312700059,0.012632377910636922,5,5,0,25,repeat_mean,,,,,
3.0,X3,,"('X1', 'X7')",exp7_xor3_records.csv,0.0003465056537616319,0.017118177477747562,0.004589452048811137,-0.006813009137272233,0.009353579864160615,5,5,0,25,repeat_mean,,,,,
3.0,X3,,"('X1', 'X8')",exp7_xor3_records.csv,-0.00110962658750294,0.01726796862937783,0.004396547225936458,-0.010056685921882734,0.0055702000702218726,5,5,0,25,repeat_mean,,,,,
3.0,X3,,"('X1', 'X9')",exp7_xor3_records.csv,-0.010163738396615225,0.01601108769920561,0.002368886362661907,-0.014099358693285349,-0.00639726984864878,5,5,0,25,repeat_mean,,,,,
3.0,X3,,"('X2', 'X10')",exp7_xor3_records.csv,0.00031615721754792826,0.015453630300660269,0.00391959935547988,-0.006203560526949259,0.00783175974400357,5,5,0,25,repeat_mean,,,,,
3.0,X3,,"('X2', 'X4')",exp7_xor3_records.csv,-0.005844682499630351,0.017761298852360753,0.004729338703492571,-0.013806497195480475,0.002465194811661792,5,5,0,25,repeat_mean,,,,,
3.0,X3,,"('X2', 'X5')",exp7_xor3_records.csv,-0.009431516235337768,0.018209271884699466,0.0024905319270015357,-0.013898717122450199,-0.005320482195948552,5,5,0,25,repeat_mean,,,,,
3.0,X3,,"('X2', 'X6')",exp7_xor3_records.csv,0.007833021500340888,0.015226733265746995,0.004054414697134432,0.002016822815590344,0.01574839777202744,5,5,0,25,repeat_mean,,,,,
3.0,X3,,"('X2', 'X7')",exp7_xor3_records.csv,0.002640194092433084,0.01852344908290877,0.004453308122772146,-0.005787061954047664,0.009901425465315025,5,5,0,25,repeat_mean,,,,,
3.0,X3,,"('X2', 'X8')",exp7_xor3_records.csv,0.0018482296143581595,0.018180720583283547,0.0032015651754819094,-0.003968108055898965,0.007049045040187588,5,5,0,25,repeat_mean,,,,,
3.0,X3,,"('X2', 'X9')",exp7_xor3_records.csv,-0.004496773339564252,0.01985986984107386,0.0016490774710817215,-0.00726067237171985,-0.0016196970691371442,5,5,0,25,repeat_mean,,,,,
3.0,X3,,"('X4', 'X10')",exp7_xor3_records.csv,0.006241656596607113,0.013339136016394158,0.00416642010634907,-0.0014283543862296081,0.012972651367019894,5,5,0,25,repeat_mean,,,,,
3.0,X3,,"('X4', 'X5')",exp7_xor3_records.csv,-0.003807466333545752,0.01726608294867671,0.002041505171619478,-0.006794866953043806,0.00028642585366817194,5,5,0,25,repeat_mean,,,,,
3.0,X3,,"('X4', 'X6')",exp7_xor3_records.csv,0.009169322645832685,0.016506062751366377,0.0017075056136145858,0.006201694626547608,0.01213695066511776,5,5,0,25,repeat_mean,,,,,
3.0,X3,,"('X4', 'X7')",exp7_xor3_records.csv,0.0010220342477796276,0.016750080395336025,0.0017810725690115725,-0.002421397203193308,0.0036982309753654198,5,5,0,25,repeat_mean,,,,,
3.0,X3,,"('X4', 'X8')",exp7_xor3_records.csv,0.005371116410422773,0.01534539662768282,0.003045698801264834,-3.0288285325820105e-05,0.010501631376242259,5,5,0,25,repeat_mean,,,,,
3.0,X3,,"('X4', 'X9')",exp7_xor3_records.csv,0.007701664645991699,0.016181761979597694,0.0037034327593442598,0.0015111043274571643,0.014481027289288118,5,5,0,25,repeat_mean,,,,,
3.0,X3,,"('X5', 'X10')",exp7_xor3_records.csv,0.0018133170396772596,0.01785855690551175,0.0036514673402101108,-0.005350185365444558,0.0070356418764867795,5,5,0,25,repeat_mean,,,,,
3.0,X3,,"('X5', 'X6')",exp7_xor3_records.csv,0.00025304920885669613,0.0194770290373236,0.0037437782638157038,-0.006798542390383569,0.0062492958507931965,5,5,0,25,repeat_mean,,,,,
3.0,X3,,"('X5', 'X7')",exp7_xor3_records.csv,-0.005850234561551112,0.013466185917554802,0.0027392733344643754,-0.010324065074520317,-0.0006265797577254222,5,5,0,25,repeat_mean,,,,,
3.0,X3,,"('X5', 'X8')",exp7_xor3_records.csv,-0.0005865119971002919,0.01516014359715598,0.0017692829477783526,-0.0034879047031135084,0.00278301254500594,5,5,0,25,repeat_mean,,,,,
3.0,X3,,"('X5', 'X9')",exp7_xor3_records.csv,-0.001652618539046544,0.017445765090336757,0.003200457201959545,-0.007615358582999915,0.003661881566284951,5,5,0,25,repeat_mean,,,,,
3.0,X3,,"('X6', 'X10')",exp7_xor3_records.csv,0.002195841132145748,0.018720531601570205,0.005673661464644692,-0.007640652175435404,0.011015059604796332,5,5,0,25,repeat_mean,,,,,
3.0,X3,,"('X6', 'X7')",exp7_xor3_records.csv,0.006601319522896983,0.01863498829401475,0.0032750981962376166,0.0005730704891340596,0.012124098560698487,5,5,0,25,repeat_mean,,,,,
3.0,X3,,"('X6', 'X8')",exp7_xor3_records.csv,-0.0038921817016122594,0.01570858375487041,0.0012441963769325185,-0.006288955862730612,-0.0019169194273594397,5,5,0,25,repeat_mean,,,,,
3.0,X3,,"('X6', 'X9')",exp7_xor3_records.csv,0.00024657925449626794,0.014693739731721991,0.003601952579514648,-0.005257799621013405,0.006996069536515208,5,5,0,25,repeat_mean,,,,,
3.0,X3,,"('X7', 'X10')",exp7_xor3_records.csv,-0.006081723737913808,0.01652354105235438,0.00369615180916744,-0.011391354022361957,0.0013572558438930474,5,5,0,25,repeat_mean,,,,,
3.0,X3,,"('X7', 'X8')",exp7_xor3_records.csv,-0.0021555032997965557,0.015390850350145827,0.0015693221572087497,-0.004834307013024136,0.0005235080847221748,5,5,0,25,repeat_mean,,,,,
3.0,X3,,"('X7', 'X9')",exp7_xor3_records.csv,0.003015053820379096,0.016997764817268154,0.005135798174259704,-0.005738226371550065,0.012935066433421172,5,5,0,25,repeat_mean,,,,,
3.0,X3,,"('X8', 'X10')",exp7_xor3_records.csv,-0.0005986584314235197,0.01852699055599993,0.0040996311318973935,-0.007651604296582281,0.006520202388177779,5,5,0,25,repeat_mean,,,,,
3.0,X3,,"('X8', 'X9')",exp7_xor3_records.csv,-0.0024241710161195763,0.020627907247438217,0.0032491943093328275,-0.007325817599248352,0.0035018560825074443,5,5,0,25,repeat_mean,,,,,
3.0,X3,,"('X9', 'X10')",exp7_xor3_records.csv,-0.0037214755766358885,0.016987827385004258,0.0025681692680878483,-0.008475596733404192,0.00010386267064835586,5,5,0,25,repeat_mean,,,,,
3.0,X4,,"('X1', 'X10')",exp7_xor3_records.csv,-0.003943110763366704,0.01704622340614417,0.002810249702985878,-0.009307187109867632,0.001175353033358444,5,5,0,25,repeat_mean,,,,,
3.0,X4,,"('X1', 'X2')",exp7_xor3_records.csv,0.0023302300846809757,0.01883537523349168,0.004198502512947766,-0.005111474977759328,0.009670847455083726,5,5,0,25,repeat_mean,,,,,
3.0,X4,,"('X1', 'X3')",exp7_xor3_records.csv,0.0024452553174599805,0.01697504509527123,0.004231814439856269,-0.006033351526302216,0.0077753925392662114,5,5,0,25,repeat_mean,,,,,
3.0,X4,,"('X1', 'X5')",exp7_xor3_records.csv,0.0028856287368835077,0.015410752051444099,0.0031955860763889015,-0.002785934123780833,0.007735112801998051,5,5,0,25,repeat_mean,,,,,
3.0,X4,,"('X1', 'X6')",exp7_xor3_records.csv,0.0007839593274654881,0.018613866675405287,0.004347195705188658,-0.0068965410574320955,0.008426833027152674,5,5,0,25,repeat_mean,,,,,
3.0,X4,,"('X1', 'X7')",exp7_xor3_records.csv,0.005345335470344564,0.015007482423687213,0.0029646587495134333,0.00017627315569087072,0.010018069742767515,5,5,0,25,repeat_mean,,,,,
3.0,X4,,"('X1', 'X8')",exp7_xor3_records.csv,-0.0014206329335232472,0.019882126564220674,0.005317087157332936,-0.011832259598033143,0.007854991902027037,5,5,0,25,repeat_mean,,,,,
3.0,X4,,"('X1', 'X9')",exp7_xor3_records.csv,-0.004614635997194736,0.017606732019703638,0.0016826264605456563,-0.007125288123334824,-0.0014905645796030281,5,5,0,25,repeat_mean,,,,,
3.0,X4,,"('X2', 'X10')",exp7_xor3_records.csv,0.0009333245237281,0.017217598090897075,0.003764614661962377,-0.005947764300136661,0.007105035173969168,5,5,0,25,repeat_mean,,,,,
3.0,X4,,"('X2', 'X3')",exp7_xor3_records.csv,-0.0007932272960347515,0.01577328864631399,0.00348404134683869,-0.007607097999379496,0.004145549104037244,5,5,0,25,repeat_mean,,,,,
3.0,X4,,"('X2', 'X5')",exp7_xor3_records.csv,0.005483496400499244,0.020254806024326263,0.0046636085880022785,-0.002580480472699108,0.013547473273697597,5,5,0,25,repeat_mean,,,,,
3.0,X4,,"('X2', 'X6')",exp7_xor3_records.csv,-0.003258070642833845,0.020317045454318537,0.0024762006346610893,-0.008357960872194679,0.00022200859232540787,5,5,0,25,repeat_mean,,,,,
3.0,X4,,"('X2', 'X7')",exp7_xor3_records.csv,0.006807692097858337,0.014672015948879503,0.0030448841627025236,0.001751178137224904,0.012261474004391777,5,5,0,25,repeat_mean,,,,,
3.0,X4,,"('X2', 'X8')",exp7_xor3_records.csv,-0.0010156310049485723,0.017356712907228584,0.002035129071489102,-0.004480596526885824,0.0024493345169886802,5,5,0,25,repeat_mean,,,,,
3.0,X4,,"('X2', 'X9')",exp7_xor3_records.csv,0.0024828005497398915,0.015074901629049687,0.003180090432452612,-0.0021298226443477444,0.008624905734609317,5,5,0,25,repeat_mean,,,,,
3.0,X4,,"('X3', 'X10')",exp7_xor3_records.csv,0.0028106169428452955,0.017043160401174914,0.0035671801273907664,-0.004017197619200963,0.007773713130289492,5,5,0,25,repeat_mean,,,,,
3.0,X4,,"('X3', 'X5')",exp7_xor3_records.csv,-0.0013277214684995241,0.018765270678349634,0.004253725245545668,-0.008917154344759454,0.006261711407760405,5,5,0,25,repeat_mean,,,,,
3.0,X4,,"('X3', 'X6')",exp7_xor3_records.csv,0.003944702321543573,0.011042409972306417,0.0022815731107026613,-1.4399484820439966e-05,0.007704056762226571,5,5,0,25,repeat_mean,,,,,
3.0,X4,,"('X3', 'X7')",exp7_xor3_records.csv,0.0010948519307323688,0.018175372654831726,0.0031434579589296944,-0.004335772515808868,0.006526100638212595,5,5,0,25,repeat_mean,,,,,
3.0,X4,,"('X3', 'X8')",exp7_xor3_records.csv,-0.00078347521032656,0.016913073672041257,0.004362798826161864,-0.006829333668792875,0.007877690120128733,5,5,0,25,repeat_mean,,,,,
3.0,X4,,"('X3', 'X9')",exp7_xor3_records.csv,0.0066130423355808595,0.016167690232710513,0.0014320832728566119,0.004040673890434701,0.008985629789665186,5,5,0,25,repeat_mean,,,,,
3.0,X4,,"('X5', 'X10')",exp7_xor3_records.csv,-0.0015862558818507883,0.019687750729701636,0.0031780148303509398,-0.007468191155216852,0.0033561906812384556,5,5,0,25,repeat_mean,,,,,
3.0,X4,,"('X5', 'X6')",exp7_xor3_records.csv,0.0021403218823439203,0.01753090243421829,0.003550040274664869,-0.0040229445479541565,0.008303588312641996,5,5,0,25,repeat_mean,,,,,
3.0,X4,,"('X5', 'X7')",exp7_xor3_records.csv,-0.006375485671719989,0.018279544437534923,0.002647018681807675,-0.011105551616050367,-0.0016454197273896077,5,5,0,25,repeat_mean,,,,,
3.0,X4,,"('X5', 'X8')",exp7_xor3_records.csv,0.0039748951871532755,0.014794410597904848,0.003821058691807057,-0.003718675731474772,0.009571427114668641,5,5,0,25,repeat_mean,,,,,
3.0,X4,,"('X5', 'X9')",exp7_xor3_records.csv,5.657841554440351e-05,0.016339770496129054,0.0018061906720256123,-0.002966678976546444,0.003084662236759049,5,5,0,25,repeat_mean,,,,,
3.0,X4,,"('X6', 'X10')",exp7_xor3_records.csv,-0.005414980931543008,0.01552865175349197,0.003533309059259803,-0.011330288127918437,0.0017608796063704947,5,5,0,25,repeat_mean,,,,,
3.0,X4,,"('X6', 'X7')",exp7_xor3_records.csv,0.009215308692161878,0.0179602747624598,0.004796537733791624,-0.00027159639665017574,0.01709962521486596,5,5,0,25,repeat_mean,,,,,
3.0,X4,,"('X6', 'X8')",exp7_xor3_records.csv,0.00020407222563529183,0.01965241843221153,0.0031516491044371853,-0.0054280420509920805,0.00515494341158225,5,5,0,25,repeat_mean,,,,,
3.0,X4,,"('X6', 'X9')",exp7_xor3_records.csv,0.00411627492338076,0.016842940191059967,0.0023971211790231785,0.0008601745704649999,0.008745515071380097,5,5,0,25,repeat_mean,,,,,
3.0,X4,,"('X7', 'X10')",exp7_xor3_records.csv,0.0013200489859085246,0.020606601895624476,0.004712714541656648,-0.0065066770636545285,0.009516325735633768,5,5,0,25,repeat_mean,,,,,
3.0,X4,,"('X7', 'X8')",exp7_xor3_records.csv,-0.007059649233635841,0.01607480014148903,0.004156237008101384,-0.015083883459388447,-0.0005774874222879561,5,5,0,25,repeat_mean,,,,,
3.0,X4,,"('X7', 'X9')",exp7_xor3_records.csv,0.007641732289212149,0.021763448258804996,0.0029685077546231097,0.0025553232070922964,0.012513329375504742,5,5,0,25,repeat_mean,,,,,
3.0,X4,,"('X8', 'X10')",exp7_xor3_records.csv,-0.0008826457734275561,0.017614786839188996,0.0023196284420425226,-0.004695978445117781,0.0029306868982626683,5,5,0,25,repeat_mean,,,,,
3.0,X4,,"('X8', 'X9')",exp7_xor3_records.csv,-0.0008610252287329557,0.015527786448587213,0.0021398619252694963,-0.004731161985328984,0.002594359615635183,5,5,0,25,repeat_mean,,,,,
3.0,X4,,"('X9', 'X10')",exp7_xor3_records.csv,-0.001049950248636816,0.017668803728125855,0.0015826872106464828,-0.0031862565285987327,0.002057459260218672,5,5,0,25,repeat_mean,,,,,
3.0,X5,,"('X1', 'X10')",exp7_xor3_records.csv,-0.006953583951444011,0.013575672491357275,0.003856561547703327,-0.014513249573186924,-0.001746318326413408,5,5,0,25,repeat_mean,,,,,
3.0,X5,,"('X1', 'X2')",exp7_xor3_records.csv,0.0020521098775025557,0.012759432332686161,0.0011760024962205046,-4.193145975126401e-05,0.004146151214756376,5,5,0,25,repeat_mean,,,,,
3.0,X5,,"('X1', 'X3')",exp7_xor3_records.csv,-0.002243476462646664,0.012854620809414269,0.0015517637328269329,-0.004807220662736679,0.00037963911636224,5,5,0,25,repeat_mean,,,,,
3.0,X5,,"('X1', 'X4')",exp7_xor3_records.csv,-0.002099608016931536,0.014147924391176788,0.001172549500833685,-0.004447685058394776,-0.0006465581548586219,5,5,0,25,repeat_mean,,,,,
3.0,X5,,"('X1', 'X6')",exp7_xor3_records.csv,0.004257924378442673,0.015741299830080453,0.0037163278655535288,-0.001488635770344616,0.010972851160767117,5,5,0,25,repeat_mean,,,,,
3.0,X5,,"('X1', 'X7')",exp7_xor3_records.csv,0.0007853351419111035,0.02039336057193307,0.0027403122669309235,-0.0032958383653964563,0.005893049499191164,5,5,0,25,repeat_mean,,,,,
3.0,X5,,"('X1', 'X8')",exp7_xor3_records.csv,-0.0024373446933283155,0.015121413985031137,0.0029714027723674688,-0.008045156753782961,0.002490935134716256,5,5,0,25,repeat_mean,,,,,
3.0,X5,,"('X1', 'X9')",exp7_xor3_records.csv,-0.00012207667945038746,0.020458439915966926,0.0028223619962218375,-0.005814999600485951,0.004024037571064296,5,5,0,25,repeat_mean,,,,,
3.0,X5,,"('X2', 'X10')",exp7_xor3_records.csv,0.0001447585411228322,0.022116405366173625,0.006774374849557822,-0.010147883163723108,0.012379690858094507,5,5,0,25,repeat_mean,,,,,
3.0,X5,,"('X2', 'X3')",exp7_xor3_records.csv,-0.0021220432516394117,0.018566936061426596,0.00428732023170486,-0.009851584534385425,0.004789778711639785,5,5,0,25,repeat_mean,,,,,
3.0,X5,,"('X2', 'X4')",exp7_xor3_records.csv,0.003721098372355071,0.017056485208605032,0.002528358698776897,-0.0003047619734244364,0.007939275711232012,5,5,0,25,repeat_mean,,,,,
3.0,X5,,"('X2', 'X6')",exp7_xor3_records.csv,0.00428831610388738,0.017690417206753403,0.004234238348133502,-0.0030197202183952394,0.012663052136239392,5,5,0,25,repeat_mean,,,,,
3.0,X5,,"('X2', 'X7')",exp7_xor3_records.csv,-0.00030671144258687566,0.01324331385831008,0.002337826882955954,-0.005020138988210211,0.0030454115326013346,5,5,0,25,repeat_mean,,,,,
3.0,X5,,"('X2', 'X8')",exp7_xor3_records.csv,0.004879773798830536,0.01751900534784331,0.0035155154501825304,-0.0012531822603262799,0.011012729857987352,5,5,0,25,repeat_mean,,,,,
3.0,X5,,"('X2', 'X9')",exp7_xor3_records.csv,0.01063147819274588,0.015219885030190798,0.002206840948654886,0.006241161369325859,0.013875645395563371,5,5,0,25,repeat_mean,,,,,
3.0,X5,,"('X3', 'X10')",exp7_xor3_records.csv,0.003686233464377444,0.01627096309670271,0.003749683677738616,-0.0028700763077809084,0.010117394953449838,5,5,0,25,repeat_mean,,,,,
3.0,X5,,"('X3', 'X4')",exp7_xor3_records.csv,-0.00508191479340894,0.017371124613993837,0.0025683385399620155,-0.010037835279952318,-0.000728576164583736,5,5,0,25,repeat_mean,,,,,
3.0,X5,,"('X3', 'X6')",exp7_xor3_records.csv,-0.001782890843080008,0.018729999422298138,0.004223427866681947,-0.009854318698009484,0.004866063422934352,5,5,0,25,repeat_mean,,,,,
3.0,X5,,"('X3', 'X7')",exp7_xor3_records.csv,-0.006656151914578205,0.014796989780976839,0.003066557631738459,-0.010134842187490344,-0.0005522408220662604,5,5,0,25,repeat_mean,,,,,
3.0,X5,,"('X3', 'X8')",exp7_xor3_records.csv,0.003228226139512168,0.015005019767262288,0.0019754136150337874,-0.0001842407727266837,0.006640693051751021,5,5,0,25,repeat_mean,,,,,
3.0,X5,,"('X3', 'X9')",exp7_xor3_records.csv,0.0065185334623731,0.012856633782882146,0.0016224197020226379,0.003773774522533974,0.009332598418341243,5,5,0,25,repeat_mean,,,,,
3.0,X5,,"('X4', 'X10')",exp7_xor3_records.csv,0.0010507089298770163,0.020496704729766578,0.0025451279039472013,-0.0036508892730044234,0.005244690653342853,5,5,0,25,repeat_mean,,,,,
3.0,X5,,"('X4', 'X6')",exp7_xor3_records.csv,0.00161933155737102,0.019751505478401914,0.0036397299084121875,-0.00528703984206553,0.007050103363930135,5,5,0,25,repeat_mean,,,,,
3.0,X5,,"('X4', 'X7')",exp7_xor3_records.csv,-0.0045635372620921036,0.017239439043622285,0.002417655054325728,-0.008403482170221164,-0.00042662908001467185,5,5,0,25,repeat_mean,,,,,
3.0,X5,,"('X4', 'X8')",exp7_xor3_records.csv,0.0037328084423884837,0.020352305222352488,0.006941763003168731,-0.00925799810733262,0.015134210662369401,5,5,0,25,repeat_mean,,,,,
3.0,X5,,"('X4', 'X9')",exp7_xor3_records.csv,0.0025594498767214234,0.012426450204888324,0.0009832898896030107,0.0007167501528705959,0.003976745960684635,5,5,0,25,repeat_mean,,,,,
3.0,X5,,"('X6', 'X10')",exp7_xor3_records.csv,-0.00026842719527844756,0.01393715452803725,0.0030112736595389457,-0.005753362998136403,0.0047419611025323,5,5,0,25,repeat_mean,,,,,
3.0,X5,,"('X6', 'X7')",exp7_xor3_records.csv,6.458965735230448e-05,0.015533755995446414,0.002852107198554444,-0.004748133709455332,0.004877313024159941,5,5,0,25,repeat_mean,,,,,
3.0,X5,,"('X6', 'X8')",exp7_xor3_records.csv,5.14764116385398e-05,0.013793496664033445,0.002830413968454454,-0.004947546862151003,0.00532267180416225,5,5,0,25,repeat_mean,,,,,
3.0,X5,,"('X6', 'X9')",exp7_xor3_records.csv,0.0013154491829628038,0.015656909384194465,0.004184960475024146,-0.006784786065352913,0.00758328393908426,5,5,0,25,repeat_mean,,,,,
3.0,X5,,"('X7', 'X10')",exp7_xor3_records.csv,-0.0012007653913762883,0.01830623691421246,0.0025145855763949814,-0.004311402662797571,0.0041209050278506,5,5,0,25,repeat_mean,,,,,
3.0,X5,,"('X7', 'X8')",exp7_xor3_records.csv,-0.0021215002617881364,0.02058501558156856,0.005754620147642406,-0.01203300347990761,0.00779000295633134,5,5,0,25,repeat_mean,,,,,
3.0,X5,,"('X7', 'X9')",exp7_xor3_records.csv,0.0017926515997387438,0.01287725625863038,0.0020510053322544217,-0.0020263021166427924,0.004832092417920595,5,5,0,25,repeat_mean,,,,,
3.0,X5,,"('X8', 'X10')",exp7_xor3_records.csv,-0.0005115383625053041,0.018943618766579975,0.0026689208029034525,-0.005013797194214307,0.0042162600210086205,5,5,0,25,repeat_mean,,,,,
3.0,X5,,"('X8', 'X9')",exp7_xor3_records.csv,0.0019722390664128403,0.0140881397939814,0.0034377009316523596,-0.005044948012870072,0.006423297842863668,5,5,0,25,repeat_mean,,,,,
3.0,X5,,"('X9', 'X10')",exp7_xor3_records.csv,0.005303920193196376,0.0169916782976564,0.004908488664582447,-0.0046127128814481035,0.012751551454776657,5,5,0,25,repeat_mean,,,,,
3.0,X6,,"('X1', 'X10')",exp7_xor3_records.csv,-0.0006828955509803395,0.02328576932032524,0.004160868975569256,-0.008229054160865383,0.00624051073286686,5,5,0,25,repeat_mean,,,,,
3.0,X6,,"('X1', 'X2')",exp7_xor3_records.csv,0.006013484879284565,0.02059712899521667,0.0024535847406276555,0.0022298486783697757,0.010871572796694127,5,5,0,25,repeat_mean,,,,,
3.0,X6,,"('X1', 'X3')",exp7_xor3_records.csv,0.00176419043390728,0.017716793598929,0.004832745675361065,-0.00597833691783106,0.010106768449275225,5,5,0,25,repeat_mean,,,,,
3.0,X6,,"('X1', 'X4')",exp7_xor3_records.csv,-0.0004356352733331559,0.021472390518250152,0.003064813173284285,-0.005939102456839241,0.0045471241665513435,5,5,0,25,repeat_mean,,,,,
3.0,X6,,"('X1', 'X5')",exp7_xor3_records.csv,0.009357479067335245,0.016824255587291878,0.004135184319494035,0.0022215928190523595,0.016928771043904185,5,5,0,25,repeat_mean,,,,,
3.0,X6,,"('X1', 'X7')",exp7_xor3_records.csv,0.004997505064495624,0.01911661758439768,0.0015952258341799248,0.002306020924847256,0.00753369366836502,5,5,0,25,repeat_mean,,,,,
3.0,X6,,"('X1', 'X8')",exp7_xor3_records.csv,-0.00487681813637138,0.016747734860477037,0.00282744663803597,-0.009653425854244455,-0.00035800622778584814,5,5,0,25,repeat_mean,,,,,
3.0,X6,,"('X1', 'X9')",exp7_xor3_records.csv,0.0005420264428336681,0.010875431963263398,0.0023342627805249517,-0.0035732227014761636,0.004537457667347611,5,5,0,25,repeat_mean,,,,,
3.0,X6,,"('X2', 'X10')",exp7_xor3_records.csv,0.0017877504949268242,0.014555847050605055,0.002654313715469684,-0.002839807187005925,0.006733007405926604,5,5,0,25,repeat_mean,,,,,
3.0,X6,,"('X2', 'X3')",exp7_xor3_records.csv,0.006850968357731335,0.017325879790886275,0.003616704068375113,0.002151034621658784,0.01437643561036848,5,5,0,25,repeat_mean,,,,,
3.0,X6,,"('X2', 'X4')",exp7_xor3_records.csv,0.0002977956020428159,0.022931021817880023,0.00431766895631101,-0.008004037983981848,0.007244223588109047,5,5,0,25,repeat_mean,,,,,
3.0,X6,,"('X2', 'X5')",exp7_xor3_records.csv,0.00022800331756310733,0.01995294064708316,0.003681616804614175,-0.004011281401839513,0.007576708576382267,5,5,0,25,repeat_mean,,,,,
3.0,X6,,"('X2', 'X7')",exp7_xor3_records.csv,-0.00103036217787326,0.013668964743758517,0.0015955755319086785,-0.004082129805330211,0.001702547512092872,5,5,0,25,repeat_mean,,,,,
3.0,X6,,"('X2', 'X8')",exp7_xor3_records.csv,-0.001798114927296584,0.015079005863584068,0.0019738864057698017,-0.005352651766451298,0.0015601431279009,5,5,0,25,repeat_mean,,,,,
3.0,X6,,"('X2', 'X9')",exp7_xor3_records.csv,-0.006103036743527136,0.016253420398908754,0.003789645353784792,-0.01210469807955734,0.00032357829082658404,5,5,0,25,repeat_mean,,,,,
3.0,X6,,"('X3', 'X10')",exp7_xor3_records.csv,0.000886259726108512,0.01721713834402776,0.0018226423548157904,-0.002808432435211296,0.0036828156039934437,5,5,0,25,repeat_mean,,,,,
3.0,X6,,"('X3', 'X4')",exp7_xor3_records.csv,0.0003129819404986879,0.019300992460775747,0.00282683544216539,-0.004940105457870544,0.005095675606099508,5,5,0,25,repeat_mean,,,,,
3.0,X6,,"('X3', 'X5')",exp7_xor3_records.csv,0.001031899745287748,0.019994687263274784,0.005826761343762171,-0.008022617119571647,0.01257302738610323,5,5,0,25,repeat_mean,,,,,
3.0,X6,,"('X3', 'X7')",exp7_xor3_records.csv,0.005663463291129291,0.018375472147772805,0.004316589003803151,-0.002339131963282807,0.012631347569754694,5,5,0,25,repeat_mean,,,,,
3.0,X6,,"('X3', 'X8')",exp7_xor3_records.csv,-0.005723153094271356,0.01536887055160861,0.0020574480915225013,-0.009746718952906342,-0.002432742853893656,5,5,0,25,repeat_mean,,,,,
3.0,X6,,"('X3', 'X9')",exp7_xor3_records.csv,-0.0018663941246123278,0.012412566235600492,0.003059822491951924,-0.00758220378618944,0.003338196996624196,5,5,0,25,repeat_mean,,,,,
3.0,X6,,"('X4', 'X10')",exp7_xor3_records.csv,-0.007278271896227709,0.013875891842371956,0.0027702374619264845,-0.012237321101470867,-0.002245638812401104,5,5,0,25,repeat_mean,,,,,
3.0,X6,,"('X4', 'X5')",exp7_xor3_records.csv,5.783549739766806e-05,0.01713923829688514,0.005869245324034079,-0.00958062839198672,0.011197923507559649,5,5,0,25,repeat_mean,,,,,
3.0,X6,,"('X4', 'X7')",exp7_xor3_records.csv,0.007902184988659643,0.013784598538284383,0.003999242267732205,0.002628830424069384,0.016011076477874427,5,5,0,25,repeat_mean,,,,,
3.0,X6,,"('X4', 'X8')",exp7_xor3_records.csv,0.0012147749550913147,0.0189040635816172,0.0044122279007662,-0.007442932048404719,0.008316910183525223,5,5,0,25,repeat_mean,,,,,
3.0,X6,,"('X4', 'X9')",exp7_xor3_records.csv,-5.640196331089562e-05,0.014273669716960067,0.001845218119917837,-0.00265749620886268,0.0035898698663282677,5,5,0,25,repeat_mean,,,,,
3.0,X6,,"('X5', 'X10')",exp7_xor3_records.csv,0.0030367064282775125,0.016180598524681424,0.00307284561982966,-0.0018794685590986313,0.00877352777445831,5,5,0,25,repeat_mean,,,,,
3.0,X6,,"('X5', 'X7')",exp7_xor3_records.csv,0.00828579463992836,0.015504280611706127,0.0029145671760538398,0.003464020892748652,0.013107568387108068,5,5,0,25,repeat_mean,,,,,
3.0,X6,,"('X5', 'X8')",exp7_xor3_records.csv,0.007256406379592516,0.01813300422688763,0.0033764060622735264,0.00035250150657580476,0.011802051477472236,5,5,0,25,repeat_mean,,,,,
3.0,X6,,"('X5', 'X9')",exp7_xor3_records.csv,-0.00011437088434518808,0.014847730103584946,0.0031160623940740613,-0.005574300501204412,0.005097113249920376,5,5,0,25,repeat_mean,,,,,
3.0,X6,,"('X7', 'X10')",exp7_xor3_records.csv,0.0033433268473686637,0.01676024288917881,0.0033875713005514013,-0.0019061668491714922,0.010071490642758155,5,5,0,25,repeat_mean,,,,,
3.0,X6,,"('X7', 'X8')",exp7_xor3_records.csv,0.0006072773421133995,0.018420456046738073,0.004234474726025895,-0.0066625316594392595,0.007928803705536863,5,5,0,25,repeat_mean,,,,,
3.0,X6,,"('X7', 'X9')",exp7_xor3_records.csv,0.0012295822507135442,0.01969647855876646,0.002615361551596991,-0.0033367221810760963,0.005795886682503184,5,5,0,25,repeat_mean,,,,,
3.0,X6,,"('X8', 'X10')",exp7_xor3_records.csv,0.0033172069109335513,0.01779793918425429,0.0032560621925406584,-0.0023082093276434114,0.008874211379393713,5,5,0,25,repeat_mean,,,,,
3.0,X6,,"('X8', 'X9')",exp7_xor3_records.csv,-0.002772729975613096,0.018334394609131124,0.0018821297132921347,-0.0060540874131428165,0.0003968670301024593,5,5,0,25,repeat_mean,,,,,
3.0,X6,,"('X9', 'X10')",exp7_xor3_records.csv,0.0009115938077539881,0.020751723883729513,0.001821037434906697,-0.0023017682346892754,0.004088033711909021,5,5,0,25,repeat_mean,,,,,
3.0,X7,,"('X1', 'X10')",exp7_xor3_records.csv,0.000462586016588904,0.01660500788663132,0.0026256760033978852,-0.004230592569580747,0.004496936102791084,5,5,0,25,repeat_mean,,,,,
3.0,X7,,"('X1', 'X2')",exp7_xor3_records.csv,-0.002255480534933764,0.013945438594868182,0.0035620520920872263,-0.00822966606778506,0.003892371996251204,5,5,0,25,repeat_mean,,,,,
3.0,X7,,"('X1', 'X3')",exp7_xor3_records.csv,-0.005525190042556167,0.011110457580744417,0.0017749414852131762,-0.008357220709125352,-0.002574324587948376,5,5,0,25,repeat_mean,,,,,
3.0,X7,,"('X1', 'X4')",exp7_xor3_records.csv,9.5857909348364e-05,0.02130501396164669,0.0025578536207791526,-0.0046083292440529345,0.00426818620199744,5,5,0,25,repeat_mean,,,,,
3.0,X7,,"('X1', 'X5')",exp7_xor3_records.csv,-0.005863584553618449,0.02142612708984943,0.004009138979376714,-0.014058364937727963,-0.0008707160070286678,5,5,0,25,repeat_mean,,,,,
3.0,X7,,"('X1', 'X6')",exp7_xor3_records.csv,0.010868508317641704,0.02348874206587038,0.0041808141711112265,0.0034292701958382917,0.017980559668878935,5,5,0,25,repeat_mean,,,,,
3.0,X7,,"('X1', 'X8')",exp7_xor3_records.csv,0.0036634407216511638,0.019306955607980295,0.004633542713845065,-0.004327634752710552,0.010924839016103824,5,5,0,25,repeat_mean,,,,,
3.0,X7,,"('X1', 'X9')",exp7_xor3_records.csv,0.004948013138358448,0.015466366507705913,0.0011190608023727764,0.003005610921322784,0.0068409701277140885,5,5,0,25,repeat_mean,,,,,
3.0,X7,,"('X2', 'X10')",exp7_xor3_records.csv,0.0027004766123535874,0.014711165403717938,0.0029751379440940418,-0.001760628938649184,0.008092004799857028,5,5,0,25,repeat_mean,,,,,
3.0,X7,,"('X2', 'X3')",exp7_xor3_records.csv,0.00021359196945352452,0.014985314439991968,0.0032507257548304302,-0.0049578119944584595,0.006124472977631903,5,5,0,25,repeat_mean,,,,,
3.0,X7,,"('X2', 'X4')",exp7_xor3_records.csv,0.0018094571779660512,0.01681151693315206,0.0033665714954762443,-0.003403740591330481,0.008254521008898733,5,5,0,25,repeat_mean,,,,,
3.0,X7,,"('X2', 'X5')",exp7_xor3_records.csv,0.0019606843246684595,0.01651718805918044,0.0016073199298501147,-0.0007512618189599838,0.0046726304682969035,5,5,0,25,repeat_mean,,,,,
3.0,X7,,"('X2', 'X6')",exp7_xor3_records.csv,0.0021448486758417437,0.013438799718418592,0.0028962872229435074,-0.002813655540681236,0.0073043614295781895,5,5,0,25,repeat_mean,,,,,
3.0,X7,,"('X2', 'X8')",exp7_xor3_records.csv,0.004663565479413344,0.015427627107833729,0.002560913165345194,0.0003321309596513359,0.008994999999175352,5,5,0,25,repeat_mean,,,,,
3.0,X7,,"('X2', 'X9')",exp7_xor3_records.csv,0.006148985885820239,0.016200165347450335,0.0022296088261478998,0.002829024077234452,0.010600367692705276,5,5,0,25,repeat_mean,,,,,
3.0,X7,,"('X3', 'X10')",exp7_xor3_records.csv,-0.0030006340570254363,0.015339658942004217,0.0024426394551589825,-0.006910721814657145,0.0013598618714397712,5,5,0,25,repeat_mean,,,,,
3.0,X7,,"('X3', 'X4')",exp7_xor3_records.csv,-0.003889566430745756,0.012439743656628602,0.0025008333518167277,-0.008873724788210456,-4.747163742376756e-05,5,5,0,25,repeat_mean,,,,,
3.0,X7,,"('X3', 'X5')",exp7_xor3_records.csv,-0.006934534486367075,0.019647770830182123,0.005668887472291053,-0.015887998661087692,0.0039022415573195263,5,5,0,25,repeat_mean,,,,,
3.0,X7,,"('X3', 'X6')",exp7_xor3_records.csv,0.004375742262614828,0.019311713603245902,0.006632657467960437,-0.007748046242629772,0.015437986178166668,5,5,0,25,repeat_mean,,,,,
3.0,X7,,"('X3', 'X8')",exp7_xor3_records.csv,-0.0017241420258896968,0.01532582850391458,0.0020081443510428813,-0.0056062030555072044,0.0014249353875058501,5,5,0,25,repeat_mean,,,,,
3.0,X7,,"('X3', 'X9')",exp7_xor3_records.csv,0.0011791139022324358,0.01777763848508701,0.003476003859709289,-0.0059928849064757195,0.006111450477575499,5,5,0,25,repeat_mean,,,,,
3.0,X7,,"('X4', 'X10')",exp7_xor3_records.csv,-0.00023968998541344793,0.01779060495906782,0.002516876733690017,-0.004229839753759147,0.004501603536699541,5,5,0,25,repeat_mean,,,,,
3.0,X7,,"('X4', 'X5')",exp7_xor3_records.csv,-0.006097506778643304,0.01466274764301408,0.003966216306948839,-0.013349876901913738,0.0005456697019720882,5,5,0,25,repeat_mean,,,,,
3.0,X7,,"('X4', 'X6')",exp7_xor3_records.csv,0.003940819734221576,0.014834655532797827,0.004214042739867289,-0.0030728946929440603,0.010880720658414982,5,5,0,25,repeat_mean,,,,,
3.0,X7,,"('X4', 'X8')",exp7_xor3_records.csv,0.00011200864887987244,0.017930207088118315,0.0020420549899675547,-0.0031197330313705923,0.004108165587056796,5,5,0,25,repeat_mean,,,,,
3.0,X7,,"('X4', 'X9')",exp7_xor3_records.csv,-0.002476831020709064,0.023578794456796528,0.0048978604752940025,-0.01066904301310172,0.005715380971683592,5,5,0,25,repeat_mean,,,,,
3.0,X7,,"('X5', 'X10')",exp7_xor3_records.csv,-0.007984588593878749,0.015243950088468254,0.00304677775521184,-0.01303831623846206,-0.002757200974942096,5,5,0,25,repeat_mean,,,,,
3.0,X7,,"('X5', 'X6')",exp7_xor3_records.csv,-0.000705454083755364,0.020107379127544137,0.005162825017323627,-0.010459296536274334,0.006743050384256065,5,5,0,25,repeat_mean,,,,,
3.0,X7,,"('X5', 'X8')",exp7_xor3_records.csv,-0.0015657574396539325,0.015616146455759974,0.002975071674472584,-0.0068033511464404076,0.0034102397804264472,5,5,0,25,repeat_mean,,,,,
3.0,X7,,"('X5', 'X9')",exp7_xor3_records.csv,-0.000547479166006128,0.01504754067176538,0.0030753307576124912,-0.006011342603077835,0.004578948335624078,5,5,0,25,repeat_mean,,,,,
3.0,X7,,"('X6', 'X10')",exp7_xor3_records.csv,0.0013943536066659836,0.015323791049998843,0.0030556753681581865,-0.0038682167745688846,0.006686089949699668,5,5,0,25,repeat_mean,,,,,
3.0,X7,,"('X6', 'X8')",exp7_xor3_records.csv,-0.001539892345982476,0.0160770585334285,0.003285156012167765,-0.007456694894567045,0.003449053052492472,5,5,0,25,repeat_mean,,,,,
3.0,X7,,"('X6', 'X9')",exp7_xor3_records.csv,0.004460004385531141,0.017513952516703728,0.003812797210653857,-0.002266950290125588,0.011186959061187867,5,5,0,25,repeat_mean,,,,,
3.0,X7,,"('X8', 'X10')",exp7_xor3_records.csv,0.0016461954052105876,0.016807297032560047,0.004318830013911578,-0.0059234333945422605,0.009018656750172304,5,5,0,25,repeat_mean,,,,,
3.0,X7,,"('X8', 'X9')",exp7_xor3_records.csv,0.004793533794762964,0.016345923088619055,0.002024966997514653,0.002269466191035568,0.008784591770023503,5,5,0,25,repeat_mean,,,,,
3.0,X7,,"('X9', 'X10')",exp7_xor3_records.csv,0.0003274794210932995,0.02170504326919718,0.003048018329077878,-0.004366297144401609,0.005622436694895085,5,5,0,25,repeat_mean,,,,,
3.0,X8,,"('X1', 'X10')",exp7_xor3_records.csv,0.009997182390947235,0.018409722607078495,0.004079706884806429,0.0036765380280394597,0.01788927975319957,5,5,0,25,repeat_mean,,,,,
3.0,X8,,"('X1', 'X2')",exp7_xor3_records.csv,-0.0045498668921585324,0.0159564997740951,0.0036220389918342113,-0.011332942292458566,0.0006723552474736238,5,5,0,25,repeat_mean,,,,,
3.0,X8,,"('X1', 'X3')",exp7_xor3_records.csv,-0.0025483084196702833,0.014103369095599557,0.0016592865312704365,-0.00559143628800342,-9.945485947167173e-05,5,5,0,25,repeat_mean,,,,,
3.0,X8,,"('X1', 'X4')",exp7_xor3_records.csv,-0.0013459882617578034,0.021929689875376593,0.003730453184000719,-0.00784395593042524,0.005050316543895869,5,5,0,25,repeat_mean,,,,,
3.0,X8,,"('X1', 'X5')",exp7_xor3_records.csv,0.001590170019232548,0.017579641297464893,0.001541965278665132,-0.0014154860619308319,0.003694354510804412,5,5,0,25,repeat_mean,,,,,
3.0,X8,,"('X1', 'X6')",exp7_xor3_records.csv,0.005595068890398207,0.015213788502094752,0.005207319262908769,-0.003296721155112017,0.014471990494744189,5,5,0,25,repeat_mean,,,,,
3.0,X8,,"('X1', 'X7')",exp7_xor3_records.csv,0.005495866390396897,0.02009703175264731,0.006022272331761875,-0.003364633425804888,0.017253481069045458,5,5,0,25,repeat_mean,,,,,
3.0,X8,,"('X1', 'X9')",exp7_xor3_records.csv,-0.0017504734801030164,0.017809907473374565,0.0015729024666803898,-0.0048789484711051,0.0007392176140700723,5,5,0,25,repeat_mean,,,,,
3.0,X8,,"('X2', 'X10')",exp7_xor3_records.csv,-0.009897035547932252,0.022597093311405424,0.003550424834633534,-0.016568726595318446,-0.0038932630144112917,5,5,0,25,repeat_mean,,,,,
3.0,X8,,"('X2', 'X3')",exp7_xor3_records.csv,-0.006299308051116456,0.015239852752348097,0.001949409413038023,-0.009800017137131417,-0.0030266006940468794,5,5,0,25,repeat_mean,,,,,
3.0,X8,,"('X2', 'X4')",exp7_xor3_records.csv,-0.004787352931279156,0.01823230448408501,0.0019512488061036869,-0.00873262914437396,-0.00203288610205114,5,5,0,25,repeat_mean,,,,,
3.0,X8,,"('X2', 'X5')",exp7_xor3_records.csv,-0.00307252228736084,0.017934427811019327,0.005145508789404434,-0.011506474473719323,0.006055864355527204,5,5,0,25,repeat_mean,,,,,
3.0,X8,,"('X2', 'X6')",exp7_xor3_records.csv,-0.007744384687111892,0.01697678785805211,0.002158185789972174,-0.01130718258702863,-0.003987864050129056,5,5,0,25,repeat_mean,,,,,
3.0,X8,,"('X2', 'X7')",exp7_xor3_records.csv,0.0023312981507185204,0.017894147989068895,0.00337062295564038,-0.0033660448118644276,0.007715872468414551,5,5,0,25,repeat_mean,,,,,
3.0,X8,,"('X2', 'X9')",exp7_xor3_records.csv,-0.005022607259985424,0.013055098574770144,0.002961404643700753,-0.00982861455870946,-0.0002214864372962637,5,5,0,25,repeat_mean,,,,,
3.0,X8,,"('X3', 'X10')",exp7_xor3_records.csv,0.0004684515753834197,0.018079593198120546,0.002755778130624699,-0.0043429562751365084,0.005279859425903348,5,5,0,25,repeat_mean,,,,,
3.0,X8,,"('X3', 'X4')",exp7_xor3_records.csv,0.0018374238003126637,0.01411648343734505,0.003083073978576482,-0.003477828108330308,0.007152675708955636,5,5,0,25,repeat_mean,,,,,
3.0,X8,,"('X3', 'X5')",exp7_xor3_records.csv,-0.0010673491922876881,0.017466403989251738,0.000979830863688866,-0.002667348014154993,0.0007030400863052558,5,5,0,25,repeat_mean,,,,,
3.0,X8,,"('X3', 'X6')",exp7_xor3_records.csv,-0.005890697296299887,0.016776690191032156,0.004488967933916935,-0.012068393822337101,0.0030701873276720287,5,5,0,25,repeat_mean,,,,,
3.0,X8,,"('X3', 'X7')",exp7_xor3_records.csv,-0.00039587123440271583,0.014386928994373278,0.0017805967620314715,-0.0030936037559073843,0.003118566564499388,5,5,0,25,repeat_mean,,,,,
3.0,X8,,"('X3', 'X9')",exp7_xor3_records.csv,-0.002286544178659704,0.01820968697055061,0.004222540397558601,-0.007767821386587805,0.006115970855946021,5,5,0,25,repeat_mean,,,,,
3.0,X8,,"('X4', 'X10')",exp7_xor3_records.csv,0.002902465187166184,0.014142037210514557,0.002202166974278845,-0.0011970985760351239,0.006751232959104281,5,5,0,25,repeat_mean,,,,,
3.0,X8,,"('X4', 'X5')",exp7_xor3_records.csv,0.0025534229259124236,0.022112445780579797,0.004756724164486811,-0.005516754441323472,0.010623600293148319,5,5,0,25,repeat_mean,,,,,
3.0,X8,,"('X4', 'X6')",exp7_xor3_records.csv,-0.002014092052397032,0.016344529166130505,0.0033046064224573385,-0.008694298614403625,0.0030002910743834365,5,5,0,25,repeat_mean,,,,,
3.0,X8,,"('X4', 'X7')",exp7_xor3_records.csv,-0.0007122806071872596,0.01619640009287077,0.0018928079566188378,-0.0038014158773615075,0.002681001391616574,5,5,0,25,repeat_mean,,,,,
3.0,X8,,"('X4', 'X9')",exp7_xor3_records.csv,0.0008609156407344557,0.016052682181883528,0.003252195729892404,-0.005014686100732557,0.006127640753165032,5,5,0,25,repeat_mean,,,,,
3.0,X8,,"('X5', 'X10')",exp7_xor3_records.csv,0.004287862334621107,0.016950628655153135,0.0034311035274685537,-0.0025146933927805803,0.008917233230391262,5,5,0,25,repeat_mean,,,,,
3.0,X8,,"('X5', 'X6')",exp7_xor3_records.csv,-0.00044653557999152005,0.015992864041845026,0.002474901470472579,-0.004684507690431891,0.0037914365304488515,5,5,0,25,repeat_mean,,,,,
3.0,X8,,"('X5', 'X7')",exp7_xor3_records.csv,-6.9018521144442735e-06,0.020987427563799777,0.007118159787045554,-0.012005529413900404,0.012581743536998022,5,5,0,25,repeat_mean,,,,,
3.0,X8,,"('X5', 'X9')",exp7_xor3_records.csv,0.0012039660774037719,0.018157802511491912,0.004737922558016118,-0.0068391068954410566,0.009576604638239124,5,5,0,25,repeat_mean,,,,,
3.0,X8,,"('X6', 'X10')",exp7_xor3_records.csv,-0.003073317312632928,0.015974066230710668,0.004781266077315588,-0.012563170729494717,0.003494256334788888,5,5,0,25,repeat_mean,,,,,
3.0,X8,,"('X6', 'X7')",exp7_xor3_records.csv,0.0022505102312369756,0.019584032629581867,0.005076630342416196,-0.007584269317600784,0.009962295738756231,5,5,0,25,repeat_mean,,,,,
3.0,X8,,"('X6', 'X9')",exp7_xor3_records.csv,-0.002701600895102319,0.01747031879468095,0.002031230470028577,-0.005998562046228861,0.0013685420832558637,5,5,0,25,repeat_mean,,,,,
3.0,X8,,"('X7', 'X10')",exp7_xor3_records.csv,0.006403212553625525,0.018981607706670137,0.0059184716822960285,-0.0056347220954744,0.016205091110936307,5,5,0,25,repeat_mean,,,,,
3.0,X8,,"('X7', 'X9')",exp7_xor3_records.csv,0.003967673549641576,0.015520330119146605,0.002743525422463565,-0.0007184554891227563,0.008653802588405908,5,5,0,25,repeat_mean,,,,,
3.0,X8,,"('X9', 'X10')",exp7_xor3_records.csv,0.006970404512841496,0.01744942237664486,0.003606597785389697,0.0008466652604461518,0.01309414376523684,5,5,0,25,repeat_mean,,,,,
3.0,X9,,"('X1', 'X10')",exp7_xor3_records.csv,-0.00023453106462972397,0.018231835665311696,0.0056421562540909746,-0.011510470059523957,0.008405377662584264,5,5,0,25,repeat_mean,,,,,
3.0,X9,,"('X1', 'X2')",exp7_xor3_records.csv,0.002620548271207116,0.019615500088666294,0.00428016304184611,-0.004562479720670044,0.010452938823567815,5,5,0,25,repeat_mean,,,,,
3.0,X9,,"('X1', 'X3')",exp7_xor3_records.csv,-0.011582760758464133,0.014568954496852068,0.002795583328352397,-0.016577855826985448,-0.0065876656899428124,5,5,0,25,repeat_mean,,,,,
3.0,X9,,"('X1', 'X4')",exp7_xor3_records.csv,-0.0011074964614327836,0.01841233533120093,0.0032570565678096642,-0.005979442615532056,0.005185166246336724,5,5,0,25,repeat_mean,,,,,
3.0,X9,,"('X1', 'X5')",exp7_xor3_records.csv,0.006576736270760833,0.019066276963220264,0.00228668112862284,0.0027164874094462365,0.010697415899135043,5,5,0,25,repeat_mean,,,,,
3.0,X9,,"('X1', 'X6')",exp7_xor3_records.csv,0.004287979112883044,0.014678007718756957,0.0024096812188393827,0.0002592534704743802,0.008316704755291709,5,5,0,25,repeat_mean,,,,,
3.0,X9,,"('X1', 'X7')",exp7_xor3_records.csv,-0.0028866516075374523,0.015729126587196482,0.002901293211870421,-0.00788954749892564,0.0021143139598370124,5,5,0,25,repeat_mean,,,,,
3.0,X9,,"('X1', 'X8')",exp7_xor3_records.csv,-0.0010127540217652717,0.020712587378218426,0.002785069421174331,-0.005797621375526704,0.003470194118419592,5,5,0,25,repeat_mean,,,,,
3.0,X9,,"('X2', 'X10')",exp7_xor3_records.csv,-0.0024415869779104435,0.017020797230142458,0.0033316096611534798,-0.00828083768243958,0.003397663726618692,5,5,0,25,repeat_mean,,,,,
3.0,X9,,"('X2', 'X3')",exp7_xor3_records.csv,-0.0011213025525288953,0.020048456919711286,0.003443140252290893,-0.00643836963035207,0.00578007204240108,5,5,0,25,repeat_mean,,,,,
3.0,X9,,"('X2', 'X4')",exp7_xor3_records.csv,0.007748171960054288,0.017287942008200434,0.003368422175475253,0.002235308756239192,0.013335196100009526,5,5,0,25,repeat_mean,,,,,
3.0,X9,,"('X2', 'X5')",exp7_xor3_records.csv,0.0098328471725137,0.01564940174183388,0.003619482621480741,0.004577092957071784,0.01668256765029654,5,5,0,25,repeat_mean,,,,,
3.0,X9,,"('X2', 'X6')",exp7_xor3_records.csv,0.0061351714570245484,0.017292482307070145,0.0019494915500188493,0.0027609743233057886,0.008896341149450636,5,5,0,25,repeat_mean,,,,,
3.0,X9,,"('X2', 'X7')",exp7_xor3_records.csv,0.002201949830940196,0.016165177103010412,0.005334273149320328,-0.007820741338495977,0.010997970407960933,5,5,0,25,repeat_mean,,,,,
3.0,X9,,"('X2', 'X8')",exp7_xor3_records.csv,-0.0017102060340362765,0.01562664500343683,0.003585602044811046,-0.006940956708699335,0.005667463852145892,5,5,0,25,repeat_mean,,,,,
3.0,X9,,"('X3', 'X10')",exp7_xor3_records.csv,-0.00944495763291452,0.01662290165374864,0.004699212391825354,-0.01841889400381626,-0.0021135035396723442,5,5,0,25,repeat_mean,,,,,
3.0,X9,,"('X3', 'X4')",exp7_xor3_records.csv,0.006838188203332207,0.017422584616637336,0.0032207625882976327,0.0010692638280117722,0.012215783373842208,5,5,0,25,repeat_mean,,,,,
3.0,X9,,"('X3', 'X5')",exp7_xor3_records.csv,0.008037554399293148,0.017685372335380766,0.004411479257558526,0.0005300038345367037,0.01572179688954103,5,5,0,25,repeat_mean,,,,,
3.0,X9,,"('X3', 'X6')",exp7_xor3_records.csv,-0.00010882985395634793,0.019097230734417388,0.0033598889689525906,-0.005955398741608672,0.0056590886333442916,5,5,0,25,repeat_mean,,,,,
3.0,X9,,"('X3', 'X7')",exp7_xor3_records.csv,0.002840739936099016,0.02027212718395203,0.003157277391243222,-0.0017061729754929678,0.009050517959170404,5,5,0,25,repeat_mean,,,,,
3.0,X9,,"('X3', 'X8')",exp7_xor3_records.csv,-0.0019176629093004397,0.020022079914993735,0.004115500408815641,-0.008392231071583255,0.005163511281375317,5,5,0,25,repeat_mean,,,,,
3.0,X9,,"('X4', 'X10')",exp7_xor3_records.csv,-0.004947456574615192,0.014517022533454427,0.0021166169835197374,-0.00865553517168908,-0.001239377977541304,5,5,0,25,repeat_mean,,,,,
3.0,X9,,"('X4', 'X5')",exp7_xor3_records.csv,0.0055363879104935,0.014209939027064583,0.002052794037756208,0.002132298090190395,0.009117220997324493,5,5,0,25,repeat_mean,,,,,
3.0,X9,,"('X4', 'X6')",exp7_xor3_records.csv,0.007418836544023133,0.01646669154561448,0.0035009401800286635,0.0013341094398915203,0.013503563648154745,5,5,0,25,repeat_mean,,,,,
3.0,X9,,"('X4', 'X7')",exp7_xor3_records.csv,0.003424246038652528,0.01930721892501115,0.003541771899167734,-0.002461070906491468,0.00935665084765665,5,5,0,25,repeat_mean,,,,,
3.0,X9,,"('X4', 'X8')",exp7_xor3_records.csv,-0.00027870305302697186,0.02368304318681146,0.004066667637545435,-0.007239553025593723,0.00614990328674342,5,5,0,25,repeat_mean,,,,,
3.0,X9,,"('X5', 'X10')",exp7_xor3_records.csv,-0.00423373981097774,0.019305092146848838,0.004292713834257508,-0.011415777083013605,0.003035522059186428,5,5,0,25,repeat_mean,,,,,
3.0,X9,,"('X5', 'X6')",exp7_xor3_records.csv,0.0014943237380483714,0.01753214314548714,0.0033975115411504927,-0.004305406950907865,0.0077797334477815675,5,5,0,25,repeat_mean,,,,,
3.0,X9,,"('X5', 'X7')",exp7_xor3_records.csv,0.006140766200014527,0.01801609588775418,0.0038121459835643917,-0.00041013333641325546,0.012691665736442311,5,5,0,25,repeat_mean,,,,,
3.0,X9,,"('X5', 'X8')",exp7_xor3_records.csv,4.6002789225948054e-05,0.014686604287298344,0.0026035164178996664,-0.004860722919109498,0.0039065390363286125,5,5,0,25,repeat_mean,,,,,
3.0,X9,,"('X6', 'X10')",exp7_xor3_records.csv,-0.00434006665115556,0.014769700519658157,0.0029665794350823647,-0.00891381914485211,0.0011791801537913839,5,5,0,25,repeat_mean,,,,,
3.0,X9,,"('X6', 'X7')",exp7_xor3_records.csv,-0.008670185897362279,0.01620517538944074,0.0037679640530636875,-0.014198520160669503,-0.0011301220024834823,5,5,0,25,repeat_mean,,,,,
3.0,X9,,"('X6', 'X8')",exp7_xor3_records.csv,-0.0010299315259400634,0.020594724249009218,0.003529316137953001,-0.007814021096638396,0.004744248141908096,5,5,0,25,repeat_mean,,,,,
3.0,X9,,"('X7', 'X10')",exp7_xor3_records.csv,0.004687565439790668,0.016830847155048623,0.0017370858308027725,0.00165868396704986,0.0077164469125314775,5,5,0,25,repeat_mean,,,,,
3.0,X9,,"('X7', 'X8')",exp7_xor3_records.csv,0.0014061716123285,0.016275160972792427,0.002720528940438869,-0.00271319723298134,0.006521028419556279,5,5,0,25,repeat_mean,,,,,
3.0,X9,,"('X8', 'X10')",exp7_xor3_records.csv,0.0012609859582376243,0.020256509023370742,0.002505327566890425,-0.0026958972002696117,0.005570618484355652,5,5,0,25,repeat_mean,,,,,
,X1,,,exp8_logloss_consistency_raw.csv,0.5037481773113085,0.04382749681022494,0.006309735401062104,0.49151593667635424,0.5157453582826426,10,10,0,50,repeat_mean,200.0,DT + RMSE,rmse,False,X2
,X1,,,exp8_logloss_consistency_raw.csv,0.704655993089102,0.08990246531185947,0.013036634788473517,0.6789785323784073,0.7290832136227486,10,10,0,50,repeat_mean,200.0,DT + log-loss,logloss,False,X2
,X1,,,exp8_logloss_consistency_raw.csv,0.6995775963192645,0.07100999716188622,0.010873403223499556,0.6796459645578974,0.7193303315694943,10,10,0,50,repeat_mean,200.0,DT + log-loss (calibrated),logloss,True,X2
,X1,,,exp8_logloss_consistency_raw.csv,0.5009609971136811,0.026511788991709764,0.005343937720469634,0.4909917607737332,0.5112930015308454,10,10,0,50,repeat_mean,400.0,DT + RMSE,rmse,False,X2
,X1,,,exp8_logloss_consistency_raw.csv,0.6965259355353258,0.05411307951956775,0.010964807213304624,0.6778391457503813,0.7174510071891869,10,10,0,50,repeat_mean,400.0,DT + log-loss,logloss,False,X2
,X1,,,exp8_logloss_consistency_raw.csv,0.6918151045410642,0.05053371771353534,0.009831031502360135,0.674634432182248,0.7099710568840241,10,10,0,50,repeat_mean,400.0,DT + log-loss (calibrated),logloss,True,X2
,X1,,,exp8_logloss_consistency_raw.csv,0.5008554484612237,0.019199528709071344,0.0016614755864493794,0.49753593810397395,0.503922489526761,10,10,0,50,repeat_mean,800.0,DT + RMSE,rmse,False,X2
,X1,,,exp8_logloss_consistency_raw.csv,0.6956565690754688,0.03867886987081254,0.0032559649426481406,0.6896645425541945,0.7014037379020028,10,10,0,50,repeat_mean,800.0,DT + log-loss,logloss,False,X2
,X1,,,exp8_logloss_consistency_raw.csv,0.6959925431179268,0.035416234292909715,0.0028747437527200785,0.6902611990588565,0.7008589354714854,10,10,0,50,repeat_mean,800.0,DT + log-loss (calibrated),logloss,True,X2
,X1,,,exp8_logloss_consistency_raw.csv,0.5004162639872196,0.014511435975967386,0.0015615890450911827,0.497526832296488,0.503540559934681,10,10,0,50,repeat_mean,1600.0,DT + RMSE,rmse,False,X2
,X1,,,exp8_logloss_consistency_raw.csv,0.6943937482423672,0.029121545635613012,0.0031366677712730676,0.688690705171225,0.7005826034762523,10,10,0,50,repeat_mean,1600.0,DT + log-loss,logloss,False,X2
,X1,,,exp8_logloss_consistency_raw.csv,0.6909167382915758,0.021088531515255974,0.002753650333474372,0.6858662187045195,0.6961798735760859,10,10,0,50,repeat_mean,1600.0,DT + log-loss (calibrated),logloss,True,X2
,X1,,,exp8_logloss_consistency_raw.csv,0.49710402645539375,0.010556085859279632,0.0014494301685964595,0.4945195982696047,0.49980944083350143,10,10,0,50,repeat_mean,3200.0,DT + RMSE,rmse,False,X2
,X1,,,exp8_logloss_consistency_raw.csv,0.687586429546006,0.021042924689802536,0.002884463798858765,0.6823316321040532,0.6928147656160097,10,10,0,50,repeat_mean,3200.0,DT + log-loss,logloss,False,X2
,X1,,,exp8_logloss_consistency_raw.csv,0.6892128486709658,0.017059271657286993,0.0019357909664533806,0.6854112232022321,0.6927664375837854,10,10,0,50,repeat_mean,3200.0,DT + log-loss (calibrated),logloss,True,X2
,X1,,,exp8_logloss_consistency_raw.csv,0.5006145472947956,0.007310368851797196,0.0010792572295932746,0.4987083339624769,0.5026596685774949,10,10,0,50,repeat_mean,6400.0,DT + RMSE,rmse,False,X2
,X1,,,exp8_logloss_consistency_raw.csv,0.6944821849018368,0.014675522636305886,0.0021661637757769657,0.6905481212227705,0.6985565015455615,10,10,0,50,repeat_mean,6400.0,DT + log-loss,logloss,False,X2
,X1,,,exp8_logloss_consistency_raw.csv,0.6941919979151391,0.011171644640620116,0.0015560987487220857,0.6914390483835694,0.6971158838755369,10,10,0,50,repeat_mean,6400.0,DT + log-loss (calibrated),logloss,True,X2
,X1,,,exp8_logloss_consistency_raw.csv,0.49970128762268395,0.0053194606654394195,0.0007575020834116911,0.49844150759147227,0.5011780081882439,10,10,0,50,repeat_mean,12800.0,DT + RMSE,rmse,False,X2
,X1,,,exp8_logloss_consistency_raw.csv,0.6926052685334254,0.010622811851054313,0.0015189916048870004,0.6898931381848801,0.6955218773243891,10,10,0,50,repeat_mean,12800.0,DT + log-loss,logloss,False,X2
,X1,,,exp8_logloss_consistency_raw.csv,0.6931059572359175,0.00967871108952305,0.0013005809950819942,0.6909344725873217,0.6958340667496902,10,10,0,50,repeat_mean,12800.0,DT + log-loss (calibrated),logloss,True,X2
1.0,X1,,(),exp9_scm_causal_control_ns_raw.csv,0.03503901643547536,0.006513850064013507,0.0006509215330628036,0.03382094737310628,0.03638427220813681,20,5,20,500,seed_mean,,,,,
1.0,X2,,(),exp9_scm_causal_control_ns_raw.csv,0.035421045803349586,0.0066192696619735624,0.0006943736107657982,0.034163378294295325,0.03672453179571246,20,5,20,500,seed_mean,,,,,
1.0,X3,,(),exp9_scm_causal_control_ns_raw.csv,0.05729942054286186,0.008158932763357028,0.0008782700730520256,0.05565274237874624,0.05896272418755907,20,5,20,500,seed_mean,,,,,
1.0,X4,,(),exp9_scm_causal_control_ns_raw.csv,0.05666375780707216,0.008076028670480932,0.0008360431819379837,0.05506161255282425,0.05828950269000929,20,5,20,500,seed_mean,,,,,
1.0,X5,,(),exp9_scm_causal_control_ns_raw.csv,4.335580990174658e-06,0.00045885380076716954,2.787601684954196e-05,-4.862196190604258e-05,5.991456491178118e-05,20,5,20,500,seed_mean,,,,,
1.0,X6,,(),exp9_scm_causal_control_ns_raw.csv,3.626725661475612e-05,0.0005707286253690708,3.477493610711497e-05,-2.484820987069458e-05,0.00010674644432084353,20,5,20,500,seed_mean,,,,,
1.0,X7,,(),exp9_scm_causal_control_ns_raw.csv,2.520860237235832e-05,0.0004987683866625962,2.5126330502563566e-05,-2.3530225755008193e-05,7.063797935859839e-05,20,5,20,500,seed_mean,,,,,
1.0,X8,,(),exp9_scm_causal_control_ns_raw.csv,-1.4600703182728502e-05,0.0004268391615642003,2.1878870877002602e-05,-5.37994166147106e-05,3.0383901872950395e-05,20,5,20,500,seed_mean,,,,,
